skills,interests,education,experience,career_category,salary_min,salary_max
"scripting, helm, ci/cd, gap analysis, workflow automation","infrastructure, cloud, teamwork",bachelor's degree,14,DevOps Engineer,1189000,2379000
"teamwork, spring boot, ci/cd, testing, docker, design patterns","technology, backend systems, infrastructure",bachelor's degree,6,Back-End Developer,730000,1670000
"api design, testing, object-oriented design, problem solving, javascript, debugging, data structures, git",automation,diploma,10,Software Engineer,1087000,2413000
"documentation, stakeholder communication, presentation skills, etl, data visualization, statistics, tableau, grafana, infrastructure as code","statistics, analytics, teamwork, pattern recognition",bachelor's degree,1,Data Analyst,429000,1011000
"git, testing, ui components, html, documentation, vue","design, web development, api design",diploma,6,Front-End Developer,730000,1616000
"prototyping, design systems, customer discovery, a/b testing","user experience, problem solving, accessibility, usability, user research",bachelor's degree,6,UX Designer,715000,1607000
"html, linux, javascript, testing, presentation skills, debugging","systems, engineering, coding, market fit",12th pass,1,Software Engineer,687000,1580000
"cloud, databases, spring boot, presentation skills, data structures, refactoring","infrastructure, learning new tools",bachelor's degree,0,Back-End Developer,537000,1230000
"stakeholder communication, stakeholder management, communication, tableau, sql, agile, financial modeling, prioritization, okrs","reporting, financial analysis, scalability",master's degree,6,Business Analyst,792000,1802000
"git, problem solving, numpy, debugging, statistics","algorithms, teamwork",master's degree,2,Machine Learning Engineer,836000,1818000
"reporting, data cleaning, data visualization, numpy, critical thinking, excel","pattern recognition, reporting, visualization",bachelor's degree,6,Data Analyst,724000,1491000
"numpy, excel, pandas, tableau, stakeholder communication, deep learning, computer vision","business intelligence, analytics, innovation, clean code",bachelor's degree,9,Data Analyst,788000,1744000
"machine learning, problem solving, presentation skills, sql, data visualization, power bi, concurrency, code review","innovation, market research, business intelligence, statistics, computer vision",bachelor's degree,12,Data Analyst,931000,2142000
"debugging, git, problem solving, data structures, data cleaning, cross-browser testing","pattern recognition, data analysis, ui development",bachelor's degree,6,Machine Learning Engineer,969000,2256000
"design systems, git, javascript, debugging, visual design, journey mapping","design, user experience",bachelor's degree,10,Front-End Developer,977000,2224000
"excel, sql, dashboards, roadmap, use case documentation, gap analysis, node.js, django","visualization, strategy, analytics, human-centered design",bachelor's degree,2,Business Analyst,558000,1133000
"machine learning, problem solving, vlookup, statistics, market research","visualization, learning new tools",bachelor's degree,5,Data Analyst,722000,1539000
"market analysis, documentation, communication, problem solving, reporting, roadmap, excel","stakeholder collaboration, innovation, process improvement, reporting",bachelor's degree,2,Business Analyst,661000,1352000
"testing, debugging, critical thinking, javascript, prototyping, user research, market research, kpis","web development, design",master's degree,3,Front-End Developer,625000,1432000
"scikit-learn, data structures, statistics, python, data cleaning, pandas, code review, c++","data analysis, algorithms, process improvement",master's degree,1,Machine Learning Engineer,695000,1487000
"css, javascript, teamwork","web development, technology",master's degree,1,Front-End Developer,494000,1025000
"design patterns, testing, scripting, git, critical thinking, keras, computer vision","coding, market fit",master's degree,3,Software Engineer,626000,1440000
"requirements gathering, product strategy, communication, market analysis, user research, stakeholder management, workflow automation, business case development","user research, stakeholder collaboration, strategy, product strategy",bachelor's degree,1,Product Manager,751000,1726000
"python, html, agile, code review, problem solving, keras, hyperparameter tuning","programming, automation",bachelor's degree,2,Software Engineer,705000,1488000
"problem solving, communication, user research, prototyping, qlik, market research","customer feedback, user research",master's degree,3,UX Designer,674000,1450000
"data cleaning, machine learning, sql, tableau, stakeholder communication, refactoring, design patterns","visualization, statistics, accessibility",diploma,6,Data Analyst,716000,1660000
"pandas, data cleaning, data visualization, design patterns, object-oriented design","teamwork, analytics, business intelligence, dashboards, data analysis, statistics, risk management",bachelor's degree,2,Data Analyst,490000,1155000
"python, data cleaning, documentation, reporting, communication, stakeholder communication, concurrency, c++",reporting,master's degree,13,Data Analyst,1300000,2915000
"debugging, numpy, machine learning, algorithms, data storytelling, google sheets","algorithms, pattern recognition, problem solving, programming, product strategy",bachelor's degree,3,Machine Learning Engineer,895000,2057000
"cloud, design patterns, git, presentation skills, power bi","backend systems, problem solving, infrastructure, cloud",diploma,3,Back-End Developer,571000,1233000
"javascript, git, critical thinking","algorithms, engineering, system design, clean code, predictive modeling",diploma,3,Software Engineer,701000,1682000
"git, sql, roadmap, critical thinking",visualization,diploma,0,Business Analyst,526000,1074000
"pandas, reporting, tableau, statistics","teamwork, reporting, analytics, process improvement",diploma,8,Data Analyst,819000,1861000
"python, pandas, communication, data cleaning","statistics, algorithms",master's degree,5,Machine Learning Engineer,945000,1988000
"roadmap, dashboards, requirements gathering","stakeholder collaboration, visualization, strategy, learning new tools",bachelor's degree,1,Business Analyst,559000,1181000
"stakeholder communication, machine learning, numpy, data storytelling, linear algebra, pytorch","visualization, analytics, pattern recognition, automation",master's degree,3,Data Analyst,623000,1493000
"testing, git, debugging, html, javascript, unit testing, c#","coding, design, teamwork, ui development",diploma,1,Front-End Developer,452000,919000
"api design, linux, critical thinking, testing, communication, git, ci/cd, etl","systems, automation, problem solving, infrastructure",master's degree,3,DevOps Engineer,694000,1409000
"reporting, stakeholder management, pricing strategy","strategy, accessibility",bachelor's degree,13,Business Analyst,1022000,2261000
"pandas, tableau, excel, terraform, logging systems","data analysis, visualization, statistics, software craftsmanship",master's degree,4,Data Analyst,644000,1392000
"data structures, keras, debugging, pandas, critical thinking, machine learning, numpy, power bi, dax","model optimization, data analysis, pattern recognition",bachelor's degree,6,Machine Learning Engineer,1045000,2393000
"api design, databases, cloud, linux, ci/cd, card sorting","automation, systems, cloud computing",master's degree,4,DevOps Engineer,928000,1973000
"data visualization, agile, reporting, numpy, a/b testing, critical thinking, workflow automation","kpis, visualization",bachelor's degree,5,Data Analyst,734000,1634000
"market analysis, requirements gathering, nlp, mlops","strategy, customer feedback",diploma,10,Product Manager,1265000,3016000
"agile, statistics, machine learning, teamwork, numpy, helm","statistics, programming, pattern recognition, cloud computing",phd,6,Machine Learning Engineer,1033000,2367000
"requirements gathering, communication, personas, roadmap","customer feedback, stakeholder collaboration, product strategy, user research, software craftsmanship",master's degree,15,Product Manager,1423000,2935000
"user research, design systems","innovation, user research, system design",master's degree,3,UX Designer,603000,1405000
"documentation, scripting, linux","infrastructure, technology, web performance",bachelor's degree,7,DevOps Engineer,965000,1937000
"prototyping, communication, testing, git, javascript, design critique","user experience, web development, responsive design, forecasting",master's degree,4,Front-End Developer,590000,1257000
"git, data structures, problem solving, testing, design patterns, linux, visual design","systems, usability",bachelor's degree,0,Software Engineer,572000,1367000
"ci/cd, debugging, teamwork","learning new tools, coding, clean code, algorithms, requirements analysis",master's degree,4,Software Engineer,686000,1638000
"git, debugging, tailwind css, react, product analytics","coding, web development, design, artificial intelligence",master's degree,3,Front-End Developer,540000,1152000
"sql, documentation, market analysis, git, dashboards, data visualization, stakeholder management, svelte","strategy, stakeholder collaboration, problem solving, visualization, nlp research",bachelor's degree,12,Business Analyst,1138000,2687000
"agile, roadmap, customer discovery, personas, product analytics, market analysis, stakeholder management, pivot tables, qlik","problem solving, strategy, stakeholder collaboration, user research",master's degree,1,Product Manager,948000,2179000
"docker, teamwork, critical thinking, cloud, linux, interaction design, card sorting","systems, site reliability, computer vision",bachelor's degree,1,DevOps Engineer,673000,1499000
"javascript, python, git, critical thinking, presentation skills, software architecture, design patterns","algorithms, automation, coding",12th pass,8,Software Engineer,948000,2059000
"product analytics, stakeholder management, personas, agile, communication, user research, product strategy","stakeholder collaboration, visual storytelling",diploma,1,Product Manager,820000,1705000
"risk analysis, data visualization, requirements gathering, tableau","analytics, stakeholder collaboration, process improvement, problem solving, kpis",12th pass,2,Business Analyst,516000,1110000
"python, git, journey mapping, information architecture","programming, automation",bachelor's degree,2,Software Engineer,698000,1414000
"cross-browser testing, javascript, css, debugging, design systems, testing","web development, user experience",bachelor's degree,1,Front-End Developer,545000,1113000
"stakeholder management, sql, dashboards","stakeholder collaboration, strategy, visualization, kpis",master's degree,12,Business Analyst,1301000,3076000
"data structures, nlp, data cleaning, teamwork, git","statistics, innovation, product strategy",phd,3,Machine Learning Engineer,832000,1868000
"personas, prototyping, presentation skills, git, information architecture, deep learning","customer feedback, user research, design, infrastructure",diploma,8,UX Designer,896000,1837000
"databases, git, linux, scripting, api design, metrics","teamwork, infrastructure",12th pass,5,DevOps Engineer,979000,2158000
"presentation skills, scripting, object-oriented design, linux, design patterns, unit testing, git, python, a/b testing","automation, innovation, systems",bachelor's degree,11,Software Engineer,1011000,2282000
"machine learning, pandas, dashboards, presentation skills, okrs","data storytelling, problem solving, forecasting, analytics",diploma,11,Data Analyst,992000,2046000
"api design, testing, databases, git, docker","automation, innovation, cloud, kpis",diploma,8,DevOps Engineer,948000,1996000
"javascript, refactoring, git, object-oriented design, critical thinking, python, html, ci/cd","system design, coding, api design",bachelor's degree,3,Software Engineer,741000,1505000
"tableau, presentation skills, python","visualization, dashboards, technology, statistics",bachelor's degree,3,Data Analyst,539000,1177000
"git, problem solving, machine learning, numpy, statistics","pattern recognition, programming, artificial intelligence, predictive modeling, customer needs",master's degree,8,Machine Learning Engineer,1024000,2215000
"cloud, api design, databases, testing, docker, unit testing, c++","automation, innovation, cloud, systems, web performance",bachelor's degree,6,DevOps Engineer,933000,2007000
"html, documentation, git, helm, prometheus","coding, web development, user experience",master's degree,9,Front-End Developer,1081000,2230000
"debugging, api design, agile, load balancing, linux, keras, deep learning","infrastructure, distributed systems, system reliability, backend systems, technology, cloud, dashboards",master's degree,1,Back-End Developer,586000,1212000
"presentation skills, grpc, communication, linux, cloud, software architecture, design patterns","infrastructure, technology, engineering, api design",bachelor's degree,1,Back-End Developer,520000,1074000
"model evaluation, python, machine learning, data cleaning, agile, algorithms","programming, distributed systems",12th pass,0,Machine Learning Engineer,696000,1529000
"user research, documentation, customer discovery, personas, presentation skills, design systems, figma, keras, deep learning","user research, technology, design, user experience",bachelor's degree,0,UX Designer,487000,1016000
"agile, git, design critique, information architecture, design systems, css, user research","usability, user research, design",bachelor's degree,0,UX Designer,403000,818000
"market analysis, business case development, critical thinking, workflow automation, reporting, roadmap, pricing strategy","reporting, problem solving",master's degree,9,Business Analyst,926000,2034000
"agile, data structures, debugging, git, presentation skills, testing, algorithms","coding, web development, technology, market research",diploma,1,Software Engineer,674000,1413000
"presentation skills, javascript, figma, testing, debugging","coding, web development, design, market research",master's degree,3,Front-End Developer,634000,1432000
"debugging, html, user research, design systems, helm","teamwork, ui development, web development, web performance, distributed systems",diploma,3,Front-End Developer,660000,1474000
"data cleaning, critical thinking, machine learning, data visualization, tableau, caching","data analysis, pattern recognition, analytics",phd,4,Data Analyst,545000,1272000
"stakeholder management, metrics, requirements gathering, user research, git","strategy, customer feedback, problem solving, data storytelling",bachelor's degree,5,Product Manager,1107000,2406000
"ci/cd, agile, debugging, critical thinking, python, financial modeling, requirements gathering","web development, algorithms, problem solving, backend systems",master's degree,3,Software Engineer,639000,1396000
"agile, teamwork, reporting, pandas, python, tableau","kpis, visualization, pattern recognition",bachelor's degree,2,Data Analyst,533000,1153000
"teamwork, debugging, reinforcement learning, machine learning",statistics,bachelor's degree,15,Machine Learning Engineer,1354000,2767000
"communication, problem solving, roadmap, sharding, postgresql","visualization, analytics, strategy, web performance",master's degree,5,Business Analyst,693000,1543000
"documentation, javascript, design systems, debugging, code review, performance tuning","problem solving, web development, coding, user experience",master's degree,3,Front-End Developer,617000,1422000
"communication, prototyping, javascript, teamwork, risk analysis, requirements gathering","problem solving, web development, coding",master's degree,6,Front-End Developer,826000,1834000
"data warehousing, numpy, dashboards, reporting","data analysis, customer needs",diploma,0,Data Analyst,414000,843000
"communication, backlog grooming, personas, qlik, google sheets",customer feedback,diploma,2,Product Manager,949000,2088000
"debugging, code review, algorithms, design patterns, testing, git, requirements gathering, workflow automation","teamwork, clean code, systems, backend systems, product strategy",12th pass,5,Software Engineer,804000,1786000
"algorithms, communication, data cleaning, debugging, git, statistics, ui components, svelte","data analysis, statistics, algorithms",diploma,3,Machine Learning Engineer,714000,1711000
"sql, communication, reporting, excel, teamwork, requirements gathering, redis","strategy, analytics, stakeholder collaboration",bachelor's degree,1,Business Analyst,584000,1247000
"api design, databases, docker, scripting, monitoring","infrastructure, automation, market fit",12th pass,2,DevOps Engineer,767000,1647000
"sql, stakeholder communication, python, mongodb, postgresql","visualization, system reliability",12th pass,0,Data Analyst,459000,975000
"user research, critical thinking, prototyping, design systems, customer discovery, figma, git, model deployment, xgboost","design, innovation, process improvement",bachelor's degree,1,UX Designer,554000,1154000
"css, git, communication, design systems",design,master's degree,7,Front-End Developer,865000,1827000
"requirements gathering, market analysis, stakeholder management, user research, communication, charts, regression analysis","customer feedback, strategy, forecasting",master's degree,1,Product Manager,907000,2038000
"customer discovery, personas, communication, market analysis, teamwork","stakeholder collaboration, strategy",master's degree,7,Product Manager,1083000,2330000
"data structures, agile, teamwork, testing, process mapping, gap analysis","algorithms, automation, web development, teamwork",master's degree,10,Software Engineer,1153000,2737000
"testing, ci/cd, teamwork, design patterns, django, cloud","engineering, system reliability, infrastructure, backend systems, predictive modeling",bachelor's degree,5,Back-End Developer,773000,1781000
"power bi, data visualization, data cleaning, pandas, stakeholder communication, google sheets","statistics, innovation, visualization, pattern recognition, predictive modeling",12th pass,4,Data Analyst,577000,1377000
"data visualization, roadmap, sql, communication, documentation, dashboards","strategy, visualization, learning new tools, analytics, model optimization",bachelor's degree,6,Business Analyst,872000,1911000
"communication, roadmap, stakeholder management, requirements gathering, customer discovery, documentation, sketch","customer feedback, market fit, technology",diploma,1,Product Manager,771000,1647000
"data cleaning, sql, communication, dashboards, python","pattern recognition, data analysis, problem solving",diploma,6,Data Analyst,769000,1563000
"communication, databases, docker, testing, api design, presentation skills","cloud, cloud computing, infrastructure, problem solving, requirements analysis",bachelor's degree,4,DevOps Engineer,852000,1855000
"risk analysis, dashboards, problem solving, excel, market analysis, deep learning, scikit-learn","strategy, innovation, risk management",diploma,10,Business Analyst,959000,2183000
"testing, teamwork, git, user research, figma, heuristic evaluation, visual design","learning new tools, coding, site reliability",diploma,11,Front-End Developer,962000,1994000
"design systems, javascript, git, kafka, grpc","coding, interactive web experiences, user experience, web development",bachelor's degree,3,Front-End Developer,664000,1523000
"communication, market analysis, stakeholder management, product analytics, roadmap","strategy, technology, stakeholder collaboration, automation",master's degree,2,Product Manager,804000,1853000
"html, svelte, communication, git, agile, prioritization, competitive analysis","web development, technology, coding, design",diploma,1,Front-End Developer,471000,991000
"vue, git, critical thinking, css, typescript, prototyping, message queues","coding, design, interactive web experiences, user experience",bachelor's degree,8,Front-End Developer,929000,2081000
"debugging, problem solving, html, prototyping, agile, git, next.js, business case development","problem solving, coding",bachelor's degree,2,Front-End Developer,541000,1274000
"git, ci/cd, prometheus, scripting, problem solving, cloud, databases, journey mapping, heuristic evaluation","automation, cloud, systems",phd,2,DevOps Engineer,631000,1308000
"pandas, python, presentation skills, sql, dashboards","business intelligence, forecasting, pattern recognition, technology, analytics, visualization, growth",master's degree,10,Data Analyst,1059000,2353000
"css, user research, teamwork, git, prototyping, communication","design, user experience, web development",bachelor's degree,3,Front-End Developer,610000,1463000
"data cleaning, python, data visualization, dashboards","analytics, statistics, pattern recognition, technology, market fit",diploma,0,Data Analyst,369000,883000
"git, testing, html, documentation","technology, coding, programming, backend systems",bachelor's degree,6,Software Engineer,887000,2004000
"data visualization, excel, sql, dax, numpy, agile, redux, react","teamwork, statistics, forecasting, analytics, visualization, product strategy",diploma,3,Data Analyst,560000,1210000
"agile, prototyping, user research, information architecture, software architecture","accessibility, user research, design, user experience",bachelor's degree,4,UX Designer,601000,1288000
"problem solving, teamwork, html, data structures, information architecture, heuristic evaluation","systems, innovation, automation, kpis",bachelor's degree,3,Software Engineer,822000,1943000
"javascript, git, design systems, css, debugging","coding, predictive modeling",master's degree,1,Front-End Developer,499000,1074000
"testing, python, scripting, api design, html","coding, backend systems, nlp research",diploma,6,Software Engineer,825000,1736000
"communication, python, reporting","data analysis, visualization, problem solving",bachelor's degree,4,Data Analyst,571000,1313000
"databases, cloud, git, data structures, problem solving, qlik, data storytelling","engineering, scalability, innovation, software craftsmanship",bachelor's degree,3,Back-End Developer,711000,1562000
"linear algebra, data cleaning, presentation skills, machine learning, hyperparameter tuning, data structures, debugging",programming,master's degree,3,Machine Learning Engineer,788000,1707000
"machine learning, data cleaning, data visualization, reporting, design patterns, c++","forecasting, pattern recognition, system design",bachelor's degree,9,Data Analyst,873000,1864000
"git, roadmap, requirements gathering, stakeholder management, agile, risk analysis","user research, teamwork, customer feedback",bachelor's degree,4,Product Manager,1079000,2355000
"prototyping, testing, user research, css","web development, interactive web experiences, clean code",bachelor's degree,10,Front-End Developer,956000,2086000
"css animations, user research, critical thinking, prototyping","coding, ui development, user experience, web performance, design, requirements analysis",phd,11,Front-End Developer,971000,2278000
"api design, testing, data structures, databases, ci/cd, problem solving, design critique","engineering, distributed systems, infrastructure, backend systems, data storytelling",master's degree,0,Back-End Developer,521000,1124000
"teamwork, user research, problem solving, design systems, css, go-to-market strategy, product analytics","coding, customer needs",bachelor's degree,0,Front-End Developer,394000,851000
"design patterns, presentation skills, debugging, git","engineering, learning new tools, algorithms, system design, coding, growth",bachelor's degree,0,Software Engineer,524000,1198000
"user research, personas, customer discovery, spring boot, caching","technology, human-centered design, design, customer feedback, automation",bachelor's degree,5,UX Designer,757000,1673000
"debugging, machine learning, python, data cleaning, pandas, ansible","problem solving, algorithms, forecasting",diploma,3,Machine Learning Engineer,827000,1709000
"sql, stakeholder communication, excel, critical thinking, database indexing, authentication",strategy,diploma,4,Business Analyst,776000,1836000
"linux, git, ansible, site reliability, ci/cd, cloud, docker, journey mapping, usability","automation, systems, problem solving",bachelor's degree,6,DevOps Engineer,1024000,2127000
"algorithms, statistics, teamwork, numpy, python, prometheus, networking","programming, data analysis, pattern recognition",12th pass,0,Machine Learning Engineer,557000,1302000
"numpy, presentation skills, tableau, statistics, sql, requirements gathering, business case development","statistics, problem solving, pattern recognition",bachelor's degree,1,Data Analyst,516000,1043000
"redux, presentation skills, testing, css, performance tuning, refactoring","web development, interactive web experiences, ui development",master's degree,1,Front-End Developer,496000,1078000
"communication, roadmap, market analysis, customer discovery, journey mapping, information architecture","innovation, stakeholder collaboration",bachelor's degree,0,Product Manager,717000,1478000
"stakeholder interviews, documentation, dashboards, tableau, requirements gathering, reporting, teamwork","reporting, financial analysis, visualization, process improvement, analytics",master's degree,3,Business Analyst,619000,1301000
"testing, debugging, css, tailwind css, documentation, git","coding, accessibility",bachelor's degree,2,Front-End Developer,563000,1302000
"excel, numpy, stakeholder communication, problem solving, google sheets, tableau, data cleaning",data analysis,12th pass,1,Data Analyst,518000,1153000
"prototyping, teamwork, testing, tailwind css, presentation skills","user experience, coding, web development, problem solving, business intelligence",bachelor's degree,3,Front-End Developer,562000,1198000
"design patterns, api design, linux, docker, critical thinking, testing, networking","engineering, teamwork, product strategy",bachelor's degree,3,Back-End Developer,624000,1388000
"node.js, design patterns, git, cloud, databases, agile, redis, use case documentation, risk analysis","cloud, infrastructure, api design, backend systems",bachelor's degree,1,Back-End Developer,624000,1319000
"debugging, critical thinking, cloud, docker, agile, ci/cd, charts","engineering, cloud",bachelor's degree,15,Back-End Developer,1518000,3110000
"teamwork, sql, data storytelling, statistics, excel, python, product analytics, product strategy","statistics, innovation, reporting, software craftsmanship",bachelor's degree,3,Data Analyst,652000,1319000
"stakeholder communication, python, teamwork, progressive web apps, cross-browser testing","forecasting, analytics, visualization, pattern recognition",master's degree,5,Data Analyst,678000,1583000
"agile, python, algorithms, refactoring, javascript, scripting, git, redis, sharding","automation, systems",master's degree,1,Software Engineer,572000,1221000
"site reliability, testing, linux, kafka, authentication","cloud, teamwork, infrastructure, systems, process improvement",bachelor's degree,10,DevOps Engineer,1025000,2393000
"algorithms, data cleaning, statistics, problem solving, documentation, incident response","statistics, dashboards",diploma,3,Machine Learning Engineer,902000,1912000
"git, api design, testing, python, communication, cross-browser testing, typescript","web development, systems, backend systems, data storytelling",bachelor's degree,7,Software Engineer,1028000,2337000
"javascript, ci/cd, presentation skills, algorithms, design patterns, testing, information architecture","web development, coding, automation",bachelor's degree,5,Software Engineer,751000,1800000
"numpy, machine learning, debugging, visual design, card sorting","programming, statistics, model optimization, technology",master's degree,2,Machine Learning Engineer,653000,1320000
"user research, stakeholder management, requirements gathering, communication","growth, stakeholder collaboration",bachelor's degree,10,Product Manager,1267000,2846000
"api design, presentation skills, design patterns, agile, javascript","clean code, automation",bachelor's degree,3,Software Engineer,694000,1543000
"testing, documentation, prometheus, api design, databases, linux, kafka","teamwork, cloud",bachelor's degree,4,DevOps Engineer,923000,1981000
"communication, documentation, dashboards, git, software architecture, c++","analytics, distributed systems",master's degree,2,Business Analyst,670000,1555000
"testing, javascript, communication, problem solving, code review","design, coding, user experience, system reliability",master's degree,15,Front-End Developer,1444000,3414000
"stakeholder communication, communication, sql, market analysis, c#, performance tuning","analytics, stakeholder collaboration, strategy, requirements analysis",bachelor's degree,0,Business Analyst,487000,1026000
"git, numpy, statistics",pattern recognition,bachelor's degree,15,Machine Learning Engineer,1438000,3120000
"python, reporting, git, dashboards, stakeholder communication, gap analysis, business process improvement","business intelligence, problem solving, data analysis",master's degree,2,Data Analyst,481000,995000
"data visualization, vlookup, numpy, communication, git, business process improvement","dashboards, data analysis, visualization",bachelor's degree,2,Data Analyst,598000,1426000
"figma, customer discovery, design systems, personas, prototyping, tailwind css, react",customer feedback,bachelor's degree,10,UX Designer,1053000,2206000
"linux, teamwork, cloud, design critique","infrastructure, cloud, clean code",12th pass,3,DevOps Engineer,816000,1840000
"debugging, unit testing, api design","algorithms, programming, process improvement",diploma,1,Software Engineer,615000,1357000
"statistics, numpy, machine learning, problem solving, scikit-learn, git, python","algorithms, statistics, data analysis, product strategy",diploma,2,Machine Learning Engineer,718000,1436000
"teamwork, javascript, debugging, git, figma, interaction design","user experience, problem solving, web performance, ui development, design",bachelor's degree,1,Front-End Developer,484000,1060000
"stakeholder communication, git, numpy, pytorch, mlops","analytics, teamwork, data analysis, risk management",bachelor's degree,0,Data Analyst,467000,1064000
"presentation skills, teamwork, debugging, javascript, ansible","coding, learning new tools, web development",bachelor's degree,14,Software Engineer,1514000,3608000
"debugging, testing, prototyping","ui development, web development, product strategy",bachelor's degree,3,Front-End Developer,551000,1195000
"api design, unit testing, testing, linux","coding, algorithms, systems",diploma,11,Software Engineer,1264000,2899000
"problem solving, data structures, python, vue, svelte","systems, web development, backend systems",diploma,6,Software Engineer,798000,1764000
"linux, data structures, problem solving, sharding","infrastructure, backend systems, engineering",master's degree,1,Back-End Developer,553000,1202000
"problem solving, git, javascript","design, coding, user experience",bachelor's degree,6,Front-End Developer,889000,2110000
"agile, user research, customer discovery, information architecture, personas, figma, incident response","innovation, accessibility, user research",diploma,7,UX Designer,728000,1485000
"ci/cd, docker, authentication, git, cloud, angular, progressive web apps","engineering, responsive design",12th pass,2,Back-End Developer,677000,1497000
"databases, agile, git, docker, linux, critical thinking","backend systems, infrastructure, human-centered design",bachelor's degree,2,Back-End Developer,613000,1439000
"pandas, git, problem solving, keras, data structures, xgboost, statistics","statistics, pattern recognition, teamwork, computer vision",bachelor's degree,7,Machine Learning Engineer,1016000,2076000
"linux, docker, git, code review, design patterns","automation, learning new tools, software craftsmanship",master's degree,12,DevOps Engineer,1095000,2396000
"sql, statistics, critical thinking, data cleaning","problem solving, data analysis",bachelor's degree,1,Data Analyst,466000,1092000
"tableau, critical thinking, agile, excel, python, stakeholder communication","visualization, web performance",bachelor's degree,14,Data Analyst,1070000,2409000
"sql, python, charts, data warehousing, product analytics, okrs","teamwork, pattern recognition",diploma,3,Data Analyst,586000,1289000
"numpy, google sheets, agile, pandas, stakeholder communication, dashboards","data analysis, teamwork",master's degree,3,Data Analyst,583000,1231000
"algorithms, javascript, concurrency, helm","problem solving, automation",master's degree,6,Software Engineer,993000,2105000
"presentation skills, problem solving, scripting, helm, prometheus, testing, docker, ci/cd, keras, model evaluation","systems, automation, site reliability, infrastructure, product strategy",diploma,15,DevOps Engineer,1372000,3270000
"machine learning, statistics, documentation, kubernetes, ansible","data analysis, algorithms",phd,3,Machine Learning Engineer,773000,1680000
"git, communication, problem solving, figma, css, design systems, sass, storybook, testing, hyperparameter tuning","design, ui development, problem solving, web development, interactive web experiences",bachelor's degree,3,Front-End Developer,603000,1294000
"figma, customer discovery, prototyping, product strategy, product analytics","user experience, user research, design",phd,13,UX Designer,1000000,2280000
"documentation, stakeholder communication, etl, power bi, python, sql, interaction design","pattern recognition, analytics, data analysis, nlp research",master's degree,0,Data Analyst,400000,930000
"design patterns, docker, git, authentication, databases, documentation",infrastructure,master's degree,3,Back-End Developer,700000,1463000
"cloud, documentation, teamwork, design patterns, caching, redis",infrastructure,phd,3,Back-End Developer,584000,1181000
"presentation skills, use case documentation, excel, git, dashboards, prioritization, metrics","risk management, strategy",bachelor's degree,3,Business Analyst,661000,1527000
"stakeholder communication, data visualization, sql, stakeholder management, market analysis, workflow automation, redux, css animations","strategy, analytics, reporting",phd,2,Business Analyst,524000,1200000
"pandas, data structures","artificial intelligence, programming, algorithms, nlp research",diploma,1,Machine Learning Engineer,661000,1406000
"refactoring, algorithms, git, teamwork, javascript, data structures, concurrency","systems, innovation, site reliability",bachelor's degree,3,Software Engineer,751000,1742000
"problem solving, tableau, presentation skills, process mapping, stakeholder management, google sheets","learning new tools, stakeholder collaboration, analytics, visualization",bachelor's degree,1,Business Analyst,611000,1224000
"api design, ci/cd, linux, agile","engineering, technology, coding, visual storytelling",phd,2,Software Engineer,698000,1523000
"docker, cloud, logging systems, linux, gap analysis, business process improvement","site reliability, cloud, infrastructure, systems",master's degree,4,DevOps Engineer,785000,1838000
"data structures, linux, communication, message queues, presentation skills, pytorch, deep learning","distributed systems, infrastructure, engineering, backend systems, teamwork, data storytelling",diploma,10,Back-End Developer,925000,2200000
"git, documentation, testing, javascript, reinforcement learning","web performance, web development, responsive design, user experience, design, cloud computing",master's degree,7,Front-End Developer,825000,1926000
"presentation skills, prototyping, figma, teamwork, user research, design systems, vlookup","usability, user research, user experience, customer feedback, human-centered design, predictive modeling",bachelor's degree,1,UX Designer,495000,1157000
"communication, customer discovery, market analysis, user research, terraform, monitoring","product strategy, customer feedback",diploma,5,Product Manager,937000,1895000
"requirements gathering, risk analysis, communication, stakeholder management, data visualization","reporting, teamwork, analytics, stakeholder collaboration",bachelor's degree,15,Business Analyst,1162000,2649000
"customer discovery, card sorting, design systems, personas, prototyping, documentation","learning new tools, customer feedback, user research, usability, design",master's degree,1,UX Designer,463000,1018000
"roadmap, personas","customer feedback, stakeholder collaboration, learning new tools, strategy, human-centered design",bachelor's degree,2,Product Manager,903000,2097000
"linux, git, c++, teamwork, concurrency, api design, linear algebra","clean code, learning new tools, programming, systems",diploma,1,Software Engineer,599000,1295000
"requirements gathering, communication, roadmap, financial modeling, stakeholder communication","financial analysis, process improvement, technology, analytics, customer needs",bachelor's degree,3,Business Analyst,653000,1325000
"power bi, git, data cleaning, teamwork, data visualization, unit testing","business intelligence, visualization, system reliability",12th pass,0,Data Analyst,371000,841000
"reporting, data visualization, stakeholder management, dashboards, market analysis","analytics, visualization, strategy",diploma,2,Business Analyst,671000,1587000
"documentation, cloud, databases, critical thinking","infrastructure, automation, software craftsmanship",phd,1,DevOps Engineer,643000,1343000
"communication, data storytelling, python, dashboards","pattern recognition, analytics, dashboards, statistics, usability",bachelor's degree,0,Data Analyst,386000,874000
"business process improvement, data visualization, teamwork, communication, tableau, reporting, requirements gathering, design critique, journey mapping","reporting, stakeholder collaboration, analytics, technology, data storytelling",bachelor's degree,14,Business Analyst,1297000,3065000
"scripting, api design, pivot tables, a/b testing","clean code, programming",bachelor's degree,5,Software Engineer,837000,1883000
"problem solving, api design, git, message queues, ci/cd, critical thinking, xgboost","scalability, cloud, infrastructure, engineering, growth",bachelor's degree,3,Back-End Developer,721000,1685000
"git, communication, critical thinking, roadmap, requirements gathering, model evaluation, nlp","customer needs, stakeholder collaboration, product strategy, technology, kpis",master's degree,11,Product Manager,1482000,3358000
"pandas, dashboards, numpy, agile, tableau, data visualization, etl, design critique, usability","pattern recognition, data analysis, analytics, growth",diploma,10,Data Analyst,861000,1841000
"teamwork, data cleaning, agile, machine learning, numpy, information architecture","innovation, statistics, site reliability",master's degree,1,Machine Learning Engineer,642000,1508000
"problem solving, journey mapping, figma, personas, design systems, customer discovery, prototyping, angular","innovation, user experience",bachelor's degree,10,UX Designer,1027000,2352000
"financial modeling, market analysis, presentation skills, stakeholder communication, reporting, git, communication","risk management, stakeholder collaboration",master's degree,2,Business Analyst,629000,1364000
"roadmap, excel, data visualization, critical thinking, reporting",strategy,bachelor's degree,0,Business Analyst,526000,1118000
"problem solving, dashboards, roadmap, sql, excel, reporting","analytics, learning new tools, strategy, reporting, process improvement, interactive web experiences",bachelor's degree,14,Business Analyst,1302000,2673000
"pandas, sql, statistics, tableau, problem solving, reporting","statistics, data analysis, distributed systems",bachelor's degree,0,Data Analyst,436000,930000
"testing, data structures, object-oriented design, c#","infrastructure, backend systems, cloud",bachelor's degree,1,Back-End Developer,559000,1279000
"presentation skills, problem solving, debugging, design patterns","engineering, learning new tools",diploma,7,Software Engineer,1036000,2372000
"css, user research, design systems, personas, prototyping","accessibility, user experience, risk management",bachelor's degree,1,UX Designer,538000,1282000
"python, data cleaning, statistics, machine learning","nlp research, algorithms",bachelor's degree,3,Machine Learning Engineer,863000,1798000
"cloud, documentation, data structures, databases, api design","infrastructure, backend systems, engineering, technology",bachelor's degree,0,Back-End Developer,570000,1350000
"prototyping, problem solving, git, css, presentation skills, design systems","user experience, design",bachelor's degree,1,Front-End Developer,532000,1103000
"personas, prototyping, card sorting, customer discovery, gap analysis","accessibility, user experience, human-centered design",phd,6,UX Designer,820000,1794000
"critical thinking, databases, cloud, git, monitoring, site reliability","cloud, infrastructure, innovation",diploma,13,Back-End Developer,1165000,2381000
"debugging, testing, git, c#, refactoring","innovation, engineering, cloud, distributed systems",bachelor's degree,11,Back-End Developer,1261000,2802000
"problem solving, html, testing, api design, algorithms, backlog grooming","algorithms, technology, backend systems, clean code, engineering",phd,2,Software Engineer,602000,1372000
"presentation skills, market analysis, user research","user research, customer feedback",master's degree,10,Product Manager,1543000,3627000
"git, testing, sharding, cloud, postgresql, debugging, data structures, problem solving, ci/cd","backend systems, engineering, infrastructure",bachelor's degree,2,Back-End Developer,621000,1329000
"databases, docker, data structures, linux, testing, documentation","cloud, infrastructure, engineering, technology",master's degree,1,Back-End Developer,558000,1324000
"deep learning, agile, git, statistics, python, machine learning, vlookup, data storytelling","learning new tools, statistics, programming, data analysis, api design",bachelor's degree,1,Machine Learning Engineer,723000,1698000
"c#, html, algorithms, teamwork, data structures","clean code, programming, system design, algorithms, backend systems",master's degree,8,Software Engineer,866000,1961000
"git, api design, scripting, documentation, cloud","automation, cloud",diploma,0,DevOps Engineer,533000,1179000
"design systems, javascript, presentation skills, agile, site reliability","web performance, user experience, innovation",bachelor's degree,5,Front-End Developer,794000,1720000
"scripting, docker, linux, testing, authentication","systems, site reliability, teamwork, infrastructure",bachelor's degree,2,DevOps Engineer,763000,1652000
"concurrency, data structures, communication, html, api design, linear algebra","engineering, teamwork",bachelor's degree,2,Software Engineer,643000,1391000
"software architecture, agile, git, data structures, c++, javascript, problem solving","coding, algorithms",bachelor's degree,6,Software Engineer,900000,1985000
"agile, ci/cd, documentation, linux, debugging, mongodb, node.js, site reliability, networking","cloud, innovation",bachelor's degree,2,Back-End Developer,621000,1435000
"presentation skills, git, algorithms, numpy","model optimization, algorithms, artificial intelligence, human-centered design",master's degree,3,Machine Learning Engineer,747000,1601000
"data structures, git, javascript, testing, design patterns, regression analysis, pivot tables","engineering, software craftsmanship",bachelor's degree,0,Software Engineer,626000,1321000
"api design, testing, python, linux, vlookup","programming, systems, automation",master's degree,4,Software Engineer,795000,1753000
"gap analysis, communication, excel, sql, data storytelling, kpis","analytics, stakeholder collaboration, visualization, financial analysis",master's degree,2,Business Analyst,577000,1244000
"user research, critical thinking, problem solving, personas, hyperparameter tuning","customer feedback, usability, innovation",diploma,15,UX Designer,1428000,3107000
"ci/cd, debugging, git, api design, agile, etl, google sheets","backend systems, technology, cloud, scalability, site reliability",master's degree,2,Back-End Developer,646000,1531000
"databases, api design","infrastructure, backend systems, technology, clean code",diploma,13,Back-End Developer,1371000,2832000
"statistics, git, python, qlik, networking","reporting, data analysis, teamwork",diploma,1,Data Analyst,488000,993000
"figma, user research, teamwork, html, debugging, svelte, prototyping","user experience, software craftsmanship",bachelor's degree,2,Front-End Developer,491000,1107000
"docker, presentation skills, databases, agile, linux, kubernetes, prometheus",backend systems,diploma,2,Back-End Developer,668000,1376000
"api design, scripting, agile","technology, cloud",bachelor's degree,0,DevOps Engineer,522000,1240000
"code review, git, testing, documentation, design critique, usability","algorithms, automation, backend systems",master's degree,4,Software Engineer,766000,1682000
"numpy, teamwork, excel, documentation","visualization, analytics, dashboards",master's degree,1,Data Analyst,540000,1295000
"customer discovery, market analysis, communication, problem solving, stakeholder management","customer feedback, user research",bachelor's degree,2,Product Manager,823000,1719000
"figma, git, design critique, css, personas, customer discovery, user research","customer feedback, user research, design, learning new tools, market fit",bachelor's degree,3,UX Designer,593000,1282000
"reporting, communication, sql, roadmap, requirements gathering, documentation","reporting, teamwork, visualization, stakeholder collaboration",diploma,7,Business Analyst,849000,1872000
"algorithms, numpy, machine learning, debugging, communication, git","pattern recognition, programming, problem solving, data analysis, api design",diploma,15,Machine Learning Engineer,1514000,3446000
"statistics, stakeholder communication, tableau, presentation skills, backlog grooming, competitive analysis","problem solving, pattern recognition, reporting, data analysis, requirements analysis",bachelor's degree,2,Data Analyst,466000,1030000
"user research, prototyping, presentation skills, personas, customer discovery, kafka","teamwork, user experience, visual storytelling",bachelor's degree,5,UX Designer,713000,1665000
"excel, tableau, grafana","analytics, problem solving, reporting, web performance",bachelor's degree,5,Business Analyst,837000,1893000
"pandas, statistics, heuristic evaluation",data analysis,bachelor's degree,6,Data Analyst,669000,1572000
"stakeholder communication, problem solving, communication, tableau, looker","process improvement, strategy",bachelor's degree,1,Business Analyst,594000,1418000
"roadmap, requirements gathering, presentation skills, process mapping","growth, user research, product strategy, stakeholder collaboration, data storytelling",master's degree,1,Product Manager,767000,1761000
"figma, user research, teamwork, design systems, presentation skills, personas, customer discovery","learning new tools, user research, customer feedback",master's degree,4,UX Designer,679000,1456000
"communication, tableau, sql, dashboards, product analytics","stakeholder collaboration, strategy, reporting, forecasting",bachelor's degree,0,Business Analyst,524000,1252000
"pandas, reporting, market research, statistics, regression analysis, machine learning, sql","dashboards, visualization, forecasting, pattern recognition, reporting",master's degree,3,Data Analyst,551000,1248000
"agile, ci/cd, presentation skills, html, looker, a/b testing","coding, algorithms, backend systems, dashboards",phd,2,Software Engineer,642000,1481000
"git, sql, stakeholder management, risk analysis, stakeholder communication, critical thinking, communication, requirements gathering, regression analysis, data storytelling","analytics, process improvement, reporting, innovation",bachelor's degree,5,Business Analyst,788000,1635000
"css, react, design systems, git, debugging, angular, javascript, gap analysis, workflow automation","design, problem solving, coding, ui development, distributed systems",bachelor's degree,5,Front-End Developer,623000,1261000
"customer discovery, stakeholder management, requirements gathering, market analysis, critical thinking, charts, data warehousing","strategy, stakeholder collaboration, user research, problem solving",bachelor's degree,3,Product Manager,1090000,2436000
"problem solving, user research, css, presentation skills","design, customer feedback, technology, user research",diploma,3,UX Designer,568000,1215000
"problem solving, communication, stakeholder management, roadmap, personas","customer feedback, customer needs, strategy, user research",master's degree,1,Product Manager,891000,1927000
"customer discovery, pricing strategy, user research","market fit, customer feedback, process improvement",master's degree,13,Product Manager,1551000,3515000
"tableau, stakeholder communication, python, sql, excel, process mapping, gap analysis","pattern recognition, data analysis, learning new tools, reporting",master's degree,2,Data Analyst,593000,1306000
"agile, databases, ci/cd, testing, api design, git, dax, looker","teamwork, engineering, infrastructure",bachelor's degree,3,Back-End Developer,569000,1317000
"pandas, debugging","innovation, predictive modeling, data analysis",diploma,11,Machine Learning Engineer,1324000,2889000
"scripting, teamwork, terraform, testing, presentation skills, deep learning, computer vision","cloud computing, automation, problem solving",bachelor's degree,5,DevOps Engineer,928000,1921000
"numpy, data cleaning, power bi, machine learning, ansible, networking","statistics, risk management",bachelor's degree,1,Data Analyst,498000,1182000
"html, api design, scripting, problem solving, javascript, testing, presentation skills, load balancing","systems, backend systems, web development, dashboards",phd,5,Software Engineer,940000,1945000
"linux, presentation skills, cloud, ci/cd, api design, deep learning, scikit-learn","systems, cloud",phd,0,DevOps Engineer,634000,1493000
"scripting, ci/cd, linux, api design, sharding","automation, cloud",bachelor's degree,3,DevOps Engineer,773000,1734000
"ci/cd, scripting, communication, documentation, git","cloud, systems",diploma,4,DevOps Engineer,745000,1584000
"css, teamwork, git, user research, figma, customer discovery, concurrency, c#",design,bachelor's degree,3,UX Designer,681000,1630000
"agile, personas, css, user research, interaction design, design critique, teamwork, computer vision","user research, learning new tools",bachelor's degree,0,UX Designer,470000,1050000
"communication, user research, testing, problem solving","problem solving, coding, usability",master's degree,6,Front-End Developer,836000,1879000
"roadmap, requirements gathering, tableau, dashboards, problem solving, risk analysis","stakeholder collaboration, learning new tools, kpis",master's degree,3,Business Analyst,639000,1494000
"dashboards, data visualization, reporting, python, sql, incident response, infrastructure as code","data analysis, problem solving, visualization",bachelor's degree,2,Data Analyst,588000,1208000
"html, problem solving, prototyping, postgresql","learning new tools, coding",phd,4,Front-End Developer,753000,1655000
"problem solving, debugging, critical thinking, linux","software craftsmanship, automation",master's degree,5,Software Engineer,749000,1701000
"communication, debugging, data structures, docker, design patterns, ci/cd","distributed systems, infrastructure, scalability, human-centered design",master's degree,4,Back-End Developer,722000,1504000
"ci/cd, scripting, testing, presentation skills, teamwork, debugging, data structures","learning new tools, automation, coding, usability",master's degree,6,Software Engineer,770000,1810000
"user research, css, design systems, personas, figma, redis, caching","user research, human-centered design, user experience",master's degree,7,UX Designer,828000,1949000
"a/b testing, numpy, stakeholder communication, tableau, reporting, grpc","pattern recognition, visualization, statistics",master's degree,1,Data Analyst,422000,902000
"api design, databases, testing, ci/cd, presentation skills, data structures, agile, mlops",engineering,master's degree,1,Back-End Developer,524000,1105000
"node.js, api design, authentication, databases, teamwork, testing, cloud, charts, vlookup","engineering, cloud, backend systems, system design",bachelor's degree,3,Back-End Developer,572000,1208000
"design patterns, databases, teamwork, debugging, data structures, communication, authentication, typescript, svelte","cloud, engineering, infrastructure, api design",bachelor's degree,3,Back-End Developer,663000,1364000
"scikit-learn, statistics, git, mlops, critical thinking, problem solving","artificial intelligence, programming, pattern recognition, teamwork",bachelor's degree,2,Machine Learning Engineer,814000,1660000
"debugging, git, data structures, pivot tables","engineering, automation",bachelor's degree,4,Software Engineer,765000,1797000
"kpis, machine learning, pandas, problem solving, pricing strategy, okrs","pattern recognition, statistics, kpis, financial analysis",bachelor's degree,6,Data Analyst,735000,1607000
"debugging, testing, scripting, html, etl","algorithms, software craftsmanship, programming, accessibility",bachelor's degree,6,Software Engineer,890000,2098000
"teamwork, c#, api design, concurrency, scripting, testing, git, market research, looker","web development, engineering, innovation",bachelor's degree,3,Software Engineer,624000,1407000
"requirements gathering, roadmap, customer discovery, stakeholder management","stakeholder collaboration, innovation, customer needs, forecasting",bachelor's degree,2,Product Manager,897000,2069000
"communication, user research, css, figma, problem solving, html, debugging, vue, spring boot, database indexing","web development, user experience, design, ui development, interactive web experiences, clean code",bachelor's degree,0,Front-End Developer,429000,994000
"critical thinking, git, redis, testing","distributed systems, infrastructure, engineering, customer needs",phd,3,Back-End Developer,686000,1407000
"reporting, stakeholder management, product strategy, pricing strategy","process improvement, stakeholder collaboration, strategy",bachelor's degree,12,Business Analyst,1304000,2904000
"stakeholder communication, data cleaning, documentation","pattern recognition, analytics",phd,1,Data Analyst,483000,1103000
"docker, git, scripting, presentation skills, process mapping, workflow automation","automation, infrastructure, cloud",bachelor's degree,0,DevOps Engineer,663000,1540000
"cloud, ansible, documentation, git, api design, linux, ci/cd, requirements gathering, financial modeling","automation, systems, technology, infrastructure",master's degree,1,DevOps Engineer,567000,1245000
"data structures, testing, git, agile, communication, cloud",infrastructure,bachelor's degree,12,Back-End Developer,1232000,2800000
"documentation, numpy, statistics, model evaluation, problem solving","algorithms, data analysis",master's degree,0,Machine Learning Engineer,631000,1332000
"stakeholder communication, agile, statistics, usability, information architecture","reporting, market research, statistics, analytics, risk management",bachelor's degree,1,Data Analyst,441000,964000
"tableau, teamwork, agile, dashboards, stakeholder communication, data visualization, sql, database indexing","reporting, strategy",bachelor's degree,15,Business Analyst,1131000,2498000
"databases, problem solving, scripting, documentation",automation,diploma,3,DevOps Engineer,819000,1840000
"data cleaning, tableau, pandas, data storytelling, sql, excel, sass, redux","learning new tools, visualization, statistics, web performance",12th pass,2,Data Analyst,514000,1205000
"process mapping, requirements gathering, data visualization, documentation, excel, reporting","requirements analysis, reporting, strategy, automation",phd,7,Business Analyst,938000,2133000
"presentation skills, statistics, tableau, dashboards, pandas, software architecture, c#","reporting, business intelligence, innovation, visualization, data analysis, distributed systems",bachelor's degree,2,Data Analyst,554000,1326000
"looker, git, problem solving, qlik, data cleaning, machine learning, stakeholder communication, cross-browser testing, tailwind css","market research, forecasting, data analysis, statistics, software craftsmanship",bachelor's degree,2,Data Analyst,601000,1337000
"numpy, pytorch, git, data cleaning, statistics, kpis","algorithms, programming, accessibility",master's degree,10,Machine Learning Engineer,1085000,2211000
"api design, data structures, grpc, communication","infrastructure, backend systems, financial analysis",master's degree,4,Back-End Developer,827000,1764000
"user research, git, javascript, teamwork, figma","web development, responsive design",bachelor's degree,0,Front-End Developer,498000,1104000
"databases, api design","systems, teamwork, cloud",bachelor's degree,1,DevOps Engineer,606000,1371000
"scripting, documentation, communication, testing","systems, software craftsmanship, system design, backend systems",diploma,1,Software Engineer,534000,1111000
"git, documentation, machine learning, pandas, algorithms","pattern recognition, teamwork, system design",bachelor's degree,0,Machine Learning Engineer,653000,1332000
"customer discovery, communication, market analysis, stakeholder management","customer feedback, distributed systems",bachelor's degree,0,Product Manager,822000,1764000
"prototyping, personas, css, card sorting, agile, presentation skills, redux, storybook",user research,master's degree,5,UX Designer,670000,1460000
"vlookup, python, excel, critical thinking, code review",reporting,master's degree,1,Data Analyst,454000,1072000
"market analysis, roadmap, excel, documentation, dax, vlookup","strategy, financial analysis, predictive modeling",bachelor's degree,4,Business Analyst,656000,1393000
"testing, terraform, api design, linux, databases, cloud, authentication","infrastructure, site reliability, cloud, product strategy",bachelor's degree,4,DevOps Engineer,719000,1484000
"html, git, javascript, agile, gap analysis, workflow automation","backend systems, teamwork, web development",bachelor's degree,3,Software Engineer,776000,1840000
"git, algorithms, design critique","engineering, backend systems, learning new tools, system design, web development, accessibility",bachelor's degree,3,Software Engineer,663000,1423000
"sharding, debugging, linux, ci/cd, design patterns, reinforcement learning",engineering,bachelor's degree,1,Back-End Developer,624000,1297000
"scripting, design patterns, html, data structures, agile","engineering, teamwork",master's degree,5,Software Engineer,872000,1774000
"looker, machine learning, pandas, stakeholder communication, excel, sql, critical thinking","pattern recognition, kpis, reporting, problem solving, customer needs",bachelor's degree,1,Data Analyst,513000,1030000
"ci/cd, agile, databases, api design, xgboost, mlops","innovation, cloud computing, cloud, infrastructure",master's degree,15,DevOps Engineer,1486000,3141000
"data structures, ci/cd, mongodb","teamwork, infrastructure, data storytelling",12th pass,5,Back-End Developer,679000,1376000
"figma, design systems, user research","customer feedback, user research, learning new tools",diploma,3,UX Designer,671000,1450000
"pandas, python, communication, tableau, data storytelling, stakeholder communication, product strategy","statistics, innovation",bachelor's degree,10,Data Analyst,958000,1938000
"git, user research, communication, testing, product analytics, pricing strategy","coding, web development, ui development",master's degree,1,Front-End Developer,505000,1135000
"testing, design patterns, data structures, node.js, debugging, authentication, teamwork, docker","technology, infrastructure",bachelor's degree,3,Back-End Developer,586000,1362000
"git, user research, javascript, testing, design systems, financial modeling, business case development","coding, distributed systems",bachelor's degree,2,Front-End Developer,642000,1452000
"communication, workflow automation, stakeholder management, stakeholder communication, git, interaction design","reporting, strategy",bachelor's degree,3,Business Analyst,700000,1420000
"sql, dashboards, reporting, tableau, communication, caching, node.js","reporting, stakeholder collaboration, problem solving",master's degree,1,Business Analyst,550000,1308000
"javascript, git, data structures, debugging, c#, hyperparameter tuning, model evaluation","learning new tools, automation",master's degree,4,Software Engineer,735000,1555000
"prometheus, linux, databases, critical thinking, visual design","cloud, automation, infrastructure",bachelor's degree,1,DevOps Engineer,716000,1440000
"debugging, deep learning, git, data warehousing","nlp research, pattern recognition, predictive modeling, statistics",master's degree,1,Machine Learning Engineer,745000,1522000
"reporting, presentation skills, data cleaning, python, statistics, data visualization, pivot tables, mongodb, authentication","data analysis, reporting, visualization",diploma,1,Data Analyst,425000,904000
"python, statistics, charts, numpy, excel, data visualization","analytics, market research, dashboards, teamwork, automation",bachelor's degree,14,Data Analyst,1323000,2819000
"gap analysis, critical thinking, roadmap, data visualization, problem solving, market analysis, interaction design, design critique","innovation, financial analysis, analytics, requirements analysis, cloud computing",diploma,5,Business Analyst,674000,1362000
"user research, stakeholder management, documentation, logging systems, networking","stakeholder collaboration, infrastructure",master's degree,1,Product Manager,803000,1719000
"docker, databases, data structures, database indexing, testing, problem solving, incident response, helm","scalability, cloud, engineering, infrastructure",bachelor's degree,3,Back-End Developer,580000,1270000
"api design, cloud, communication, ci/cd, object-oriented design, c#","backend systems, engineering",bachelor's degree,3,Back-End Developer,657000,1450000
"user research, documentation, teamwork, html, power bi, qlik","coding, design, web development, innovation",diploma,10,Front-End Developer,1076000,2391000
"python, presentation skills, stakeholder communication, documentation, statistics, numpy, machine learning","market research, data storytelling, analytics, data analysis",bachelor's degree,3,Data Analyst,592000,1237000
"design systems, typescript, figma, git, presentation skills, okrs","responsive design, design, web development, requirements analysis",master's degree,8,Front-End Developer,963000,2088000
"teamwork, numpy, data cleaning, statistics, agile, reporting, market research, sql","business intelligence, learning new tools, pattern recognition",phd,1,Data Analyst,431000,915000
"presentation skills, user research, css, design systems, personas, prototyping, nlp","customer feedback, user experience, design, human-centered design",bachelor's degree,5,UX Designer,646000,1344000
"c#, git, ci/cd, refactoring, algorithms, html","engineering, algorithms, innovation, coding, market fit",bachelor's degree,6,Software Engineer,1004000,2374000
"javascript, git, python, concurrency, testing, scripting, monitoring, kubernetes","system design, coding, programming, nlp research",phd,2,Software Engineer,719000,1706000
"testing, docker, go-to-market strategy","automation, systems, infrastructure, innovation",diploma,2,DevOps Engineer,786000,1771000
"databases, ci/cd, documentation, cloud, interaction design, card sorting","cloud, infrastructure, visual storytelling",bachelor's degree,4,DevOps Engineer,917000,2061000
"data cleaning, pandas, use case documentation, gap analysis","problem solving, dashboards, statistics",diploma,13,Data Analyst,1026000,2383000
"prototyping, critical thinking, user research, teamwork, css, design critique, interaction design, personas, customer discovery","user research, customer feedback, human-centered design, design, model optimization",bachelor's degree,2,UX Designer,516000,1140000
"css, git, prototyping, design systems, cross-browser testing","problem solving, web development",12th pass,3,Front-End Developer,523000,1119000
"git, algorithms, linear algebra, machine learning, documentation","programming, innovation, algorithms, responsive design",diploma,6,Machine Learning Engineer,1053000,2437000
"html, angular, figma, react, communication, git, css, c++, c#","ui development, design, user experience, interactive web experiences, web development",bachelor's degree,5,Front-End Developer,672000,1461000
"user research, design systems, figma, usability, prototyping, personas, reinforcement learning, nlp","learning new tools, user research",diploma,7,UX Designer,893000,1923000
"ci/cd, cloud, api design, agile, git, linear algebra, xgboost","engineering, api design",bachelor's degree,1,Back-End Developer,566000,1250000
"debugging, machine learning, presentation skills, infrastructure as code, ansible","data analysis, predictive modeling, programming",master's degree,1,Machine Learning Engineer,789000,1840000
"reporting, sql, data visualization, sharding, authentication","visualization, pattern recognition",diploma,1,Data Analyst,406000,832000
"excel, roadmap, agile, data visualization, sql, communication, stakeholder communication, looker","strategy, visualization",bachelor's degree,3,Business Analyst,609000,1407000
"dashboards, excel, statistics, machine learning, problem solving, helm, prometheus",analytics,diploma,2,Data Analyst,499000,1064000
"prototyping, agile, personas, presentation skills, design systems, vue, typescript","visual storytelling, user research, design, teamwork, predictive modeling",bachelor's degree,14,UX Designer,1203000,2671000
"figma, customer discovery, teamwork, angular","teamwork, user research",bachelor's degree,7,UX Designer,804000,1887000
"testing, debugging, databases, git, authentication, problem solving, ci/cd, teamwork, reinforcement learning, deep learning","cloud, backend systems, financial analysis",diploma,0,Back-End Developer,479000,1004000
"git, api design, scripting, software architecture","automation, algorithms, clean code, problem solving, systems, risk management",master's degree,12,Software Engineer,1256000,2571000
"api design, teamwork, ci/cd, linux, spring boot, testing","engineering, infrastructure",bachelor's degree,7,Back-End Developer,811000,1715000
"python, communication, agile, numpy, pandas","algorithms, problem solving, data analysis",bachelor's degree,3,Machine Learning Engineer,852000,1812000
"customer discovery, metrics, competitive analysis, presentation skills, critical thinking, communication, site reliability, terraform","teamwork, user research, stakeholder collaboration, market fit, business intelligence",diploma,1,Product Manager,911000,2056000
"databases, scripting, api design, communication, git, linux","teamwork, automation, infrastructure",bachelor's degree,4,DevOps Engineer,853000,1806000
"reporting, communication, pandas, excel, tableau, spring boot","analytics, statistics, dashboards",bachelor's degree,9,Data Analyst,805000,1867000
"user research, stakeholder management, angular","stakeholder collaboration, strategy, automation",12th pass,1,Product Manager,873000,1921000
"python, reporting, numpy, data warehousing, statistics, site reliability","data analysis, statistics, data storytelling, analytics, visual storytelling",bachelor's degree,1,Data Analyst,518000,1157000
"statistics, tensorflow, teamwork, algorithms, problem solving, pandas, kubernetes","programming, pattern recognition, teamwork, algorithms, system design",bachelor's degree,1,Machine Learning Engineer,672000,1540000
"ui components, debugging, css, design systems","web development, ui development, technology, web performance, coding, requirements analysis",bachelor's degree,3,Front-End Developer,604000,1218000
"c++, algorithms, data structures, ci/cd, power bi, pivot tables","web development, technology, coding, engineering",bachelor's degree,3,Software Engineer,794000,1759000
"javascript, c++, scripting, ci/cd, html, linux, agile, grpc, spring boot","automation, engineering, learning new tools, system design, clean code, backend systems, cloud computing",bachelor's degree,2,Software Engineer,638000,1473000
"c#, testing, api design, problem solving, algorithms, concurrency, documentation, risk analysis, requirements gathering","web development, automation, clean code",master's degree,3,Software Engineer,774000,1594000
"teamwork, design systems, javascript, communication, prototyping, testing",design,bachelor's degree,10,Front-End Developer,1033000,2453000
"css, problem solving, debugging, presentation skills, javascript, git, html, mlops","web development, coding",bachelor's degree,0,Front-End Developer,407000,861000
"docker, agile, caching, debugging, api design, teamwork, sketch, heuristic evaluation","engineering, backend systems, scalability, cloud computing",master's degree,1,Back-End Developer,534000,1252000
"presentation skills, prototyping, design systems, visual design, information architecture, refactoring, performance tuning","design, learning new tools, responsive design",master's degree,0,UX Designer,419000,876000
"data cleaning, agile, git, dashboards","pattern recognition, problem solving, statistics, analytics",diploma,10,Data Analyst,1006000,2264000
"python, pandas, machine learning, debugging, heuristic evaluation","learning new tools, statistics, algorithms",master's degree,3,Machine Learning Engineer,856000,1756000
"communication, dashboards, requirements gathering, git, data visualization","stakeholder collaboration, visualization, system reliability",bachelor's degree,1,Business Analyst,479000,1117000
"data structures, debugging, product analytics, okrs","innovation, statistics, data analysis",diploma,1,Machine Learning Engineer,681000,1587000
"sql, data cleaning, pandas, competitive analysis","data storytelling, problem solving, visualization",phd,1,Data Analyst,467000,941000
"algorithms, python, object-oriented design, communication, html","coding, automation, usability",diploma,2,Software Engineer,722000,1727000
"presentation skills, agile, html, git, business case development, business process improvement","coding, responsive design, user experience, web development, learning new tools",master's degree,3,Front-End Developer,609000,1349000
"redis, debugging, ci/cd, communication, linux, docker, infrastructure as code, ansible","infrastructure, engineering, software craftsmanship",bachelor's degree,2,Back-End Developer,523000,1176000
"dashboards, excel, problem solving, sql, stakeholder communication, stakeholder management, teamwork",visualization,master's degree,0,Business Analyst,507000,1064000
"statistics, mlops, pandas, algorithms, data cleaning","technology, model optimization, statistics, pattern recognition",master's degree,12,Machine Learning Engineer,1318000,2722000
"debugging, figma, css, critical thinking, git, design systems, testing, information architecture, card sorting","web development, coding, teamwork, user experience",diploma,0,Front-End Developer,496000,1004000
"git, prototyping, figma, critical thinking, debugging","web performance, web development, coding",bachelor's degree,1,Front-End Developer,545000,1185000
"problem solving, documentation, debugging, data structures, numpy, machine learning, pandas, heuristic evaluation","algorithms, programming",phd,3,Machine Learning Engineer,874000,2050000
"api design, databases, debugging, design patterns, data warehousing","innovation, backend systems, engineering, api design, infrastructure, system reliability",master's degree,8,Back-End Developer,914000,2099000
"debugging, git, algorithms, machine learning, c#, performance tuning","predictive modeling, statistics, data analysis, technology",bachelor's degree,5,Machine Learning Engineer,934000,2035000
"user research, teamwork, javascript, html, prototyping, critical thinking, xgboost, linear algebra",web development,master's degree,7,Front-End Developer,824000,1765000
"django, cloud, databases, api design, testing, presentation skills","engineering, visual storytelling",diploma,14,Back-End Developer,1225000,2892000
"cloud, databases, debugging, scikit-learn","cloud, backend systems, engineering, distributed systems, usability",master's degree,1,Back-End Developer,515000,1227000
"python, charts, stakeholder communication, pandas, data cleaning","visualization, technology, data analysis, market research, interactive web experiences",bachelor's degree,6,Data Analyst,728000,1534000
"linux, performance tuning, python, agile, data structures, git, communication, interaction design, journey mapping","algorithms, web development",bachelor's degree,5,Software Engineer,943000,1935000
"ci/cd, critical thinking, git, databases, api design, linux","infrastructure, site reliability, problem solving, automation, api design",bachelor's degree,8,DevOps Engineer,1014000,2063000
"risk analysis, process mapping, excel, market analysis, stakeholder communication, tableau, object-oriented design, refactoring","problem solving, financial analysis, strategy, analytics, process improvement, stakeholder collaboration",bachelor's degree,1,Business Analyst,508000,1023000
"user research, react, critical thinking, debugging, next.js, problem solving, git, html, heuristic evaluation, sketch","coding, teamwork, responsive design, product strategy",diploma,2,Front-End Developer,556000,1122000
"documentation, scripting, html, ci/cd, api design, metrics, go-to-market strategy","algorithms, learning new tools, web development, clean code, computer vision",bachelor's degree,3,Software Engineer,704000,1637000
"linux, html, api design, debugging, testing, metrics, backlog grooming","engineering, system design, software craftsmanship, systems, interactive web experiences",diploma,0,Software Engineer,489000,1139000
"linux, agile, ci/cd, presentation skills, design patterns, redis","backend systems, learning new tools, automation",bachelor's degree,0,Software Engineer,618000,1331000
"requirements gathering, sql, agile, communication, data visualization, excel, market analysis","strategy, innovation, stakeholder collaboration, analytics, system design",diploma,6,Business Analyst,892000,1892000
"data cleaning, tableau, machine learning, git, sql, business process improvement, process mapping","statistics, innovation, market research",bachelor's degree,0,Data Analyst,433000,887000
"presentation skills, data structures, critical thinking, testing, api design, algorithms","teamwork, systems, system design, predictive modeling",bachelor's degree,1,Software Engineer,521000,1170000
"algorithms, problem solving, debugging, usability","programming, artificial intelligence, learning new tools, statistics, distributed systems",bachelor's degree,1,Machine Learning Engineer,768000,1592000
"git, linux, scripting, python, ci/cd, object-oriented design, heuristic evaluation","automation, backend systems, engineering, product strategy",bachelor's degree,6,Software Engineer,801000,1610000
"user research, javascript, unit testing, code review",web development,bachelor's degree,4,Front-End Developer,668000,1486000
"user research, prototyping, personas, problem solving","user research, design, user experience",phd,15,UX Designer,1324000,2740000
"redux, storybook, prototyping, html, agile, figma, css, documentation, competitive analysis, backlog grooming","technology, web performance, user experience, model optimization",bachelor's degree,1,Front-End Developer,445000,1017000
"git, communication, css, figma, html, javascript, authentication, message queues","technology, web development, coding, system design",12th pass,3,Front-End Developer,618000,1459000
"svelte, figma, prototyping, teamwork, css","coding, design, user experience, technology",bachelor's degree,0,Front-End Developer,476000,1041000
"numpy, python, machine learning, excel, stakeholder communication","reporting, data analysis",bachelor's degree,14,Data Analyst,1193000,2833000
"angular, javascript, documentation, tailwind css, presentation skills, design systems, user research, information architecture, card sorting","user experience, clean code",master's degree,6,Front-End Developer,864000,1787000
"reporting, pandas, excel, concurrency, c#","problem solving, visualization, scalability",diploma,4,Data Analyst,706000,1624000
"docker, data structures, c#, performance tuning","backend systems, system reliability, infrastructure, interactive web experiences",diploma,5,Back-End Developer,724000,1517000
"git, critical thinking, data cleaning, numpy, backlog grooming, go-to-market strategy","technology, pattern recognition, programming, data analysis, data storytelling",bachelor's degree,0,Machine Learning Engineer,747000,1740000
"documentation, data structures, git, testing, linux","software craftsmanship, programming, problem solving",bachelor's degree,9,Software Engineer,1142000,2522000
"dashboards, stakeholder communication, agile, reinforcement learning","statistics, visualization, technology, data analysis, market fit",master's degree,1,Data Analyst,461000,1032000
"docker, git, api design, scripting, presentation skills, cloud","systems, infrastructure",bachelor's degree,4,DevOps Engineer,889000,2075000
"pandas, computer vision, teamwork, agile, python","artificial intelligence, algorithms, forecasting",bachelor's degree,15,Machine Learning Engineer,1653000,3647000
"linux, design patterns, databases, data structures, debugging, go-to-market strategy","infrastructure, system design",master's degree,2,Back-End Developer,534000,1276000
"backlog grooming, roadmap, presentation skills, stakeholder management, okrs","user research, stakeholder collaboration",bachelor's degree,2,Product Manager,844000,1877000
"google sheets, communication, teamwork, reporting, tableau, xgboost","market research, forecasting, reporting, customer needs",master's degree,5,Data Analyst,676000,1394000
"git, docker, debugging, design patterns",engineering,bachelor's degree,5,Back-End Developer,726000,1590000
"critical thinking, problem solving, design patterns, docker","engineering, cloud, backend systems, market fit",diploma,7,Back-End Developer,759000,1544000
"communication, stakeholder management, customer discovery","technology, stakeholder collaboration, user research, market research",bachelor's degree,8,Product Manager,1364000,2872000
"agile, design patterns, git, code review, object-oriented design","api design, infrastructure",bachelor's degree,6,Back-End Developer,944000,2230000
"requirements gathering, critical thinking, data visualization, teamwork, infrastructure as code","analytics, strategy",diploma,4,Business Analyst,619000,1345000
"problem solving, figma, critical thinking, user research, design systems, node.js","customer feedback, responsive design",phd,6,UX Designer,708000,1632000
"ci/cd, linux","infrastructure, cloud, api design, artificial intelligence",bachelor's degree,5,Back-End Developer,704000,1424000
"problem solving, documentation, testing, linux, docker, git, api design, kpis","automation, cloud, systems",diploma,4,DevOps Engineer,910000,2043000
"problem solving, agile, excel, data visualization","learning new tools, reporting, stakeholder collaboration, financial analysis, ui development",bachelor's degree,14,Business Analyst,1246000,2736000
"presentation skills, communication, market analysis","customer feedback, user research, customer needs",phd,1,Product Manager,877000,1770000
"design patterns, redis, spring boot, debugging, design critique, visual design","engineering, infrastructure, distributed systems, teamwork, visual storytelling",bachelor's degree,6,Back-End Developer,791000,1628000
"figma, customer discovery, interaction design, sketch, prototyping","customer feedback, user research",diploma,7,UX Designer,693000,1394000
"pandas, vlookup, data cleaning, numpy, data warehousing, dashboards, presentation skills, agile, stakeholder communication","pattern recognition, accessibility",bachelor's degree,4,Data Analyst,697000,1665000
"personas, customer discovery, critical thinking, teamwork, helm","customer feedback, learning new tools, strategy, nlp research",diploma,0,Product Manager,756000,1586000
"testing, api design, communication, load balancing, django",cloud,bachelor's degree,6,DevOps Engineer,966000,2236000
"problem solving, tableau, data visualization, reporting, stakeholder management, pytorch, tensorflow","analytics, requirements analysis, risk management, strategy, innovation",bachelor's degree,6,Business Analyst,848000,2012000
"critical thinking, css animations, git, figma, sass","coding, interactive web experiences, design, user experience",bachelor's degree,14,Front-End Developer,1066000,2536000
"pandas, python","innovation, reporting, data analysis, analytics, requirements analysis",diploma,6,Data Analyst,837000,1916000
"tableau, statistics, machine learning, business case development, stakeholder interviews",reporting,bachelor's degree,3,Data Analyst,639000,1375000
"javascript, git, debugging, agile, testing, go-to-market strategy, backlog grooming","backend systems, innovation, api design",diploma,5,Software Engineer,910000,1970000
"python, testing, terraform, logging systems","systems, system reliability",master's degree,2,Software Engineer,734000,1507000
"testing, user research, prototyping, git, css","coding, interactive web experiences, data storytelling",bachelor's degree,3,Front-End Developer,586000,1360000
"ansible, api design, databases, testing, presentation skills, scripting, communication, ci/cd, monitoring","infrastructure, cloud, automation, software craftsmanship",bachelor's degree,3,DevOps Engineer,773000,1792000
"design systems, presentation skills, user research, css, javascript, testing","design, technology, web development, site reliability",master's degree,4,Front-End Developer,768000,1536000
"python, git, design patterns, api design, scripting, linux, critical thinking","software craftsmanship, web development, learning new tools, customer needs",bachelor's degree,4,Software Engineer,741000,1645000
"prototyping, debugging, process mapping, requirements gathering",web development,master's degree,3,Front-End Developer,534000,1089000
"prototyping, figma, debugging, agile, git, testing, nlp","problem solving, coding, design, system design",diploma,6,Front-End Developer,682000,1580000
"communication, javascript, teamwork, linux, design critique, journey mapping","automation, coding",bachelor's degree,2,Software Engineer,644000,1330000
"algorithms, debugging, javascript, design patterns, testing, scikit-learn","coding, innovation, backend systems, web development, financial analysis",bachelor's degree,10,Software Engineer,1052000,2433000
"ci/cd, databases, load balancing, spring boot, design patterns, code review","distributed systems, backend systems, engineering, technology, cloud",bachelor's degree,10,Back-End Developer,947000,2028000
"documentation, databases, data structures, linux, git, debugging","infrastructure, distributed systems, backend systems",master's degree,3,Back-End Developer,724000,1618000
"design systems, css, react, redux, git, critical thinking, html","design, software craftsmanship",bachelor's degree,10,Front-End Developer,869000,1877000
"site reliability, teamwork, api design, linux, scripting, cloud, docker, software architecture","infrastructure, cloud, learning new tools, requirements analysis",bachelor's degree,1,DevOps Engineer,689000,1480000
"git, linux, incident response, api design, scripting, databases, docker, redux, cross-browser testing","automation, infrastructure, cloud computing, scalability",master's degree,8,DevOps Engineer,1176000,2562000
"documentation, sql, pandas, tableau, dashboards, cross-browser testing, svelte","visualization, market research",bachelor's degree,1,Data Analyst,504000,1109000
"design patterns, c#, api design, business process improvement","innovation, automation, systems, growth",bachelor's degree,4,Software Engineer,742000,1694000
"reinforcement learning, data structures, pandas, backlog grooming","programming, algorithms, technology, computer vision",diploma,2,Machine Learning Engineer,729000,1646000
"stakeholder communication, sql","dashboards, statistics, learning new tools, distributed systems",diploma,3,Data Analyst,542000,1273000
"communication, stakeholder management, competitive analysis, documentation, problem solving, pivot tables, etl","strategy, customer feedback, technology, user research",diploma,10,Product Manager,1233000,2794000
"algorithms, javascript, python, software architecture, unit testing, interaction design, information architecture","automation, programming, software craftsmanship, dashboards",bachelor's degree,3,Software Engineer,763000,1812000
"git, ci/cd, critical thinking",cloud,bachelor's degree,15,DevOps Engineer,1566000,3631000
"heuristic evaluation, prototyping, personas","user research, customer feedback, learning new tools, market research",master's degree,3,UX Designer,532000,1082000
"machine learning, teamwork, debugging, statistics, pandas, helm, grafana","technology, programming, algorithms, pattern recognition",bachelor's degree,15,Machine Learning Engineer,1667000,3555000
"user research, javascript, css, terraform, infrastructure as code","interactive web experiences, web development, design, teamwork, forecasting",bachelor's degree,10,Front-End Developer,962000,2298000
"sql, documentation, machine learning, stakeholder communication, pricing strategy",reporting,bachelor's degree,10,Data Analyst,1098000,2203000
"market analysis, customer discovery, stakeholder management, personas, teamwork, documentation","customer feedback, problem solving, stakeholder collaboration",12th pass,6,Product Manager,1173000,2378000
"testing, linux, databases, site reliability, api design, docker, kpis, dax","infrastructure, learning new tools, systems, visual storytelling",bachelor's degree,4,DevOps Engineer,723000,1492000
"design patterns, debugging","innovation, cloud, infrastructure",phd,2,Back-End Developer,559000,1298000
"requirements gathering, communication, data visualization, git, sketch","strategy, interactive web experiences",diploma,10,Business Analyst,1018000,2074000
"linux, api design, git","site reliability, automation, infrastructure, systems",bachelor's degree,7,DevOps Engineer,1035000,2256000
"roadmap, stakeholder communication, requirements gathering","analytics, learning new tools, requirements analysis, financial analysis, system design",master's degree,1,Business Analyst,554000,1233000
"statistics, pandas","analytics, problem solving",bachelor's degree,4,Data Analyst,590000,1202000
"customer discovery, user research, communication","user research, market fit, product strategy, strategy",bachelor's degree,6,Product Manager,1123000,2661000
"communication, ci/cd, cloud, critical thinking, scripting, linux, kpis","infrastructure, automation, site reliability, cloud, innovation",master's degree,11,DevOps Engineer,1314000,2850000
"problem solving, customer discovery, figma, design systems, css, object-oriented design","design, user experience",master's degree,5,UX Designer,710000,1663000
"ci/cd, javascript, linux, design patterns","engineering, software craftsmanship, model optimization",master's degree,3,Software Engineer,734000,1597000
"problem solving, debugging, design systems, communication, javascript, git","technology, user experience, system design",bachelor's degree,2,Front-End Developer,601000,1441000
"design patterns, html, testing, data structures, scripting, communication, algorithms, cross-browser testing, tailwind css","engineering, coding, interactive web experiences",master's degree,1,Software Engineer,560000,1188000
"design systems, prototyping, git, sass, testing, kpis, a/b testing","user experience, technology",master's degree,4,Front-End Developer,710000,1589000
"scripting, testing, communication, linux, cloud, problem solving, git, authentication, load balancing","automation, systems, distributed systems",master's degree,7,DevOps Engineer,1070000,2416000
"customer discovery, critical thinking, figma, prototyping, documentation, personas, progressive web apps","user experience, user research, customer feedback, visual storytelling, accessibility",diploma,15,UX Designer,1391000,2849000
"api design, ci/cd, cloud, critical thinking, linux, debugging, problem solving, heuristic evaluation","backend systems, cloud, engineering, accessibility",12th pass,5,Back-End Developer,856000,1967000
"data visualization, stakeholder communication, machine learning, data cleaning, dashboards, agile","dashboards, analytics",bachelor's degree,1,Data Analyst,503000,1092000
"debugging, critical thinking, angular, javascript, figma, git","web development, forecasting",master's degree,1,Front-End Developer,516000,1223000
"figma, testing, agile","web development, problem solving",bachelor's degree,3,Front-End Developer,554000,1326000
"market analysis, risk analysis, requirements gathering, stakeholder communication, business case development, data visualization","innovation, visualization, risk management, product strategy",diploma,6,Business Analyst,734000,1511000
"docker, cloud, git, teamwork, api design, testing","infrastructure, automation",bachelor's degree,2,DevOps Engineer,651000,1304000
"requirements gathering, market analysis, presentation skills, documentation, product strategy, communication, django, postgresql","user research, customer feedback, stakeholder collaboration",bachelor's degree,1,Product Manager,814000,1892000
"api design, ci/cd, testing, scripting, communication, agile","systems, cloud",bachelor's degree,3,DevOps Engineer,869000,1951000
"documentation, linux, data structures, databases, git, agile, ci/cd","engineering, backend systems, cloud, teamwork",12th pass,6,Back-End Developer,926000,1964000
"requirements gathering, market analysis, communication, model evaluation, mlops","user research, technology, strategy, customer feedback, software craftsmanship",bachelor's degree,1,Product Manager,788000,1736000
"design systems, html, debugging, css, problem solving, figma, agile, workflow automation","ui development, innovation, web development",12th pass,3,Front-End Developer,548000,1310000
"roadmap, stakeholder management, problem solving, backlog grooming, customer discovery, agile, personas","strategy, stakeholder collaboration, customer feedback",bachelor's degree,10,Product Manager,1361000,2928000
"documentation, ci/cd, cloud, terraform, databases, git, linux, next.js","automation, problem solving, clean code",bachelor's degree,6,DevOps Engineer,861000,1727000
"git, design patterns, testing, linux, databases","infrastructure, technology, engineering, scalability",12th pass,0,Back-End Developer,499000,1180000
"css, prototyping, terraform, infrastructure as code","teamwork, user research",bachelor's degree,6,UX Designer,717000,1632000
"financial modeling, stakeholder communication, sql, stakeholder management, market analysis, performance tuning, software architecture","analytics, reporting, learning new tools",bachelor's degree,6,Business Analyst,814000,1674000
"databases, linux, docker, usability","cloud, learning new tools, product strategy",bachelor's degree,1,Back-End Developer,634000,1335000
"roadmap, dashboards, problem solving, authentication, grpc","financial analysis, stakeholder collaboration, visualization, analytics, predictive modeling",bachelor's degree,0,Business Analyst,435000,911000
"debugging, api design, testing, presentation skills, critical thinking","system reliability, problem solving, infrastructure, accessibility",bachelor's degree,6,Back-End Developer,836000,1750000
"python, dashboards, data visualization, reporting, tableau, regression analysis, design patterns","reporting, technology, pattern recognition",master's degree,3,Data Analyst,636000,1463000
"statistics, numpy, pytorch, pandas, machine learning, algorithms, progressive web apps, typescript","artificial intelligence, programming, problem solving, algorithms, data analysis",bachelor's degree,1,Machine Learning Engineer,733000,1644000
"data structures, python, problem solving, html, refactoring, api design, cross-browser testing, ui components","web development, backend systems",bachelor's degree,4,Software Engineer,746000,1495000
"roadmap, communication, presentation skills","user research, technology, scalability",master's degree,3,Product Manager,1085000,2566000
"statistics, machine learning, documentation, problem solving, python, kafka","visualization, market research",bachelor's degree,8,Data Analyst,779000,1785000
"git, databases, design patterns, debugging, linux, problem solving, model deployment, mlops","cloud, distributed systems, scalability, engineering",bachelor's degree,5,Back-End Developer,662000,1325000
"git, scripting, html, progressive web apps","coding, web development, technology, scalability",bachelor's degree,4,Software Engineer,789000,1885000
"critical thinking, prototyping, css, design systems, documentation, business process improvement, risk analysis","user research, innovation, cloud computing",diploma,7,UX Designer,801000,1721000
"css, critical thinking, javascript, presentation skills, spring boot","design, web development, learning new tools, coding, ui development",12th pass,2,Front-End Developer,542000,1119000
"ci/cd, git, debugging, testing, api design, unit testing","system design, coding, software craftsmanship, algorithms, backend systems, artificial intelligence",12th pass,10,Software Engineer,1148000,2484000
"git, data visualization, communication, market analysis, sql, requirements gathering, stakeholder management, sharding",reporting,12th pass,1,Business Analyst,602000,1337000
"presentation skills, docker, cloud, ci/cd, git","technology, cloud computing, systems, site reliability, automation, web performance",bachelor's degree,2,DevOps Engineer,751000,1641000
"design patterns, linux, data structures","algorithms, clean code, software craftsmanship, systems",bachelor's degree,3,Software Engineer,728000,1562000
"linux, communication, docker, unit testing","learning new tools, systems, infrastructure, cloud, business intelligence",phd,0,DevOps Engineer,583000,1170000
"databases, linux, api design, ci/cd, testing, requirements gathering, use case documentation","systems, predictive modeling",master's degree,1,DevOps Engineer,722000,1494000
"agile, dashboards, machine learning, numpy","analytics, statistics, problem solving, visualization",bachelor's degree,2,Data Analyst,575000,1216000
"databases, data structures, mlops, scikit-learn","problem solving, infrastructure",bachelor's degree,1,Back-End Developer,630000,1328000
"design systems, teamwork, javascript, communication, css, pricing strategy, okrs","coding, design",12th pass,3,Front-End Developer,605000,1385000
"python, algorithms, c++","programming, innovation",bachelor's degree,2,Machine Learning Engineer,857000,1840000
"testing, git, dax, etl","cloud, infrastructure, artificial intelligence",master's degree,3,DevOps Engineer,755000,1513000
"model deployment, keras, presentation skills, machine learning, git","nlp research, data analysis, algorithms, statistics, model optimization, technology, risk management",bachelor's degree,1,Machine Learning Engineer,634000,1278000
"customer discovery, roadmap, communication, market analysis, critical thinking, documentation, stakeholder management, usability",strategy,diploma,9,Product Manager,1461000,3313000
"git, teamwork, pandas, debugging, algorithms, business process improvement","statistics, teamwork, algorithms",bachelor's degree,4,Machine Learning Engineer,816000,1875000
"databases, ci/cd, docker, cloud, use case documentation, workflow automation","innovation, infrastructure, cloud",bachelor's degree,1,DevOps Engineer,675000,1418000
"data structures, design patterns, algorithms, testing, javascript, gap analysis","innovation, programming",bachelor's degree,3,Software Engineer,719000,1590000
"problem solving, scripting, cloud","cloud, innovation, infrastructure, automation, visual storytelling",12th pass,4,DevOps Engineer,704000,1634000
"user research, personas, stakeholder management, business case development","strategy, customer feedback",bachelor's degree,1,Product Manager,774000,1696000
"statistics, data visualization, dashboards, dax, machine learning, reporting, agile, mongodb","reporting, learning new tools, software craftsmanship",bachelor's degree,0,Data Analyst,387000,780000
"pandas, data cleaning, machine learning, problem solving, dashboards","statistics, dashboards, cloud computing",bachelor's degree,3,Data Analyst,662000,1561000
"html, scripting, critical thinking, agile","automation, web development, innovation, programming",diploma,13,Software Engineer,1296000,2869000
"customer discovery, roadmap, communication, requirements gathering, market analysis, mlops","growth, customer feedback, innovation",master's degree,8,Product Manager,1393000,2834000
"stakeholder management, requirements gathering, communication, excel, performance tuning, c++","visualization, stakeholder collaboration, analytics, interactive web experiences",master's degree,6,Business Analyst,782000,1700000
"statistics, machine learning, data visualization, data cleaning, sql, ui components, storybook","learning new tools, reporting, statistics, dashboards, data analysis",bachelor's degree,1,Data Analyst,484000,1061000
"problem solving, docker, monitoring, ci/cd, api design","innovation, infrastructure, system reliability",master's degree,0,DevOps Engineer,589000,1254000
"python, git, testing, computer vision","coding, problem solving",master's degree,0,Software Engineer,599000,1328000
"roadmap, requirements gathering, agile, documentation, stakeholder management, personas, market analysis, interaction design",customer feedback,master's degree,2,Product Manager,950000,2256000
"reporting, sql, market research, networking","analytics, visualization, pattern recognition, clean code",master's degree,9,Data Analyst,953000,2127000
"pandas, debugging, numpy, unit testing, software architecture","learning new tools, statistics, algorithms, pattern recognition",bachelor's degree,1,Machine Learning Engineer,605000,1288000
"debugging, javascript, critical thinking, design systems, communication, css, testing, progressive web apps, stakeholder interviews","user experience, web development",diploma,13,Front-End Developer,1175000,2645000
"critical thinking, user research, git, javascript, figma, prototyping, keras, deep learning","coding, interactive web experiences, technology, design, web performance",bachelor's degree,2,Front-End Developer,580000,1382000
"design systems, critical thinking, javascript, css, testing, figma, communication, monitoring",web development,bachelor's degree,3,Front-End Developer,657000,1324000
"prototyping, html, react, figma, testing, critical thinking","user experience, nlp research",bachelor's degree,2,Front-End Developer,484000,1063000
"tableau, reporting, dashboards, problem solving, presentation skills, sql","data analysis, pattern recognition, dashboards, cloud computing",bachelor's degree,5,Data Analyst,654000,1518000
"documentation, machine learning, agile, data cleaning, react, storybook","data analysis, learning new tools, data storytelling",master's degree,15,Data Analyst,1124000,2494000
"git, market analysis, dashboards, excel, business case development, requirements gathering, agile, stakeholder management","stakeholder collaboration, technology, reporting, strategy, site reliability",bachelor's degree,2,Business Analyst,544000,1146000
"performance tuning, api design, design patterns, scripting, refactoring, python, testing, risk analysis, financial modeling","system design, algorithms, web development, api design",diploma,0,Software Engineer,542000,1260000
"prototyping, user research, figma, design systems, load balancing, spring boot","usability, learning new tools, customer feedback, user experience, risk management",master's degree,5,UX Designer,637000,1331000
"presentation skills, customer discovery, personas, teamwork, sketch, user research, cross-browser testing, redux","teamwork, user research",bachelor's degree,6,UX Designer,805000,1731000
"dashboards, stakeholder communication, communication, performance tuning, refactoring","financial analysis, reporting, problem solving, stakeholder collaboration",master's degree,1,Business Analyst,466000,1014000
"personas, market analysis, user research, stakeholder management, prioritization, logging systems, terraform","market fit, technology, customer feedback, growth",bachelor's degree,1,Product Manager,928000,2158000
"requirements gathering, market analysis, stakeholder communication, roadmap, problem solving, sql, documentation","visualization, problem solving, ui development",diploma,6,Business Analyst,731000,1739000
"problem solving, databases, ci/cd, communication, pricing strategy, product strategy","innovation, backend systems",phd,3,Back-End Developer,740000,1658000
"pricing strategy, market analysis, stakeholder management, go-to-market strategy, data warehousing","market fit, user research, strategy, stakeholder collaboration",diploma,2,Product Manager,963000,2127000
"teamwork, machine learning, documentation, pandas, mlops, google sheets, vlookup",algorithms,master's degree,1,Machine Learning Engineer,661000,1396000
"customer discovery, sketch, personas, prototyping, design systems, css, redux, typescript","user experience, design",diploma,3,UX Designer,579000,1203000
"python, machine learning, design patterns, object-oriented design",visualization,bachelor's degree,2,Data Analyst,484000,1010000
"message queues, problem solving, databases, api design, communication","engineering, infrastructure",master's degree,3,Back-End Developer,748000,1660000
"cloud, git, incident response, ci/cd, communication, database indexing, spring boot","automation, systems, process improvement",diploma,13,DevOps Engineer,1186000,2717000
"tableau, communication, excel, sql, roadmap, critical thinking, process mapping, pricing strategy","teamwork, analytics, reporting, visualization",master's degree,5,Business Analyst,656000,1554000
"javascript, user research, tailwind css, product analytics, metrics","user experience, problem solving, design",bachelor's degree,11,Front-End Developer,977000,2123000
"databases, linux, problem solving, git, documentation, ci/cd, mlops, pytorch","systems, innovation, cloud, automation, clean code",diploma,3,DevOps Engineer,705000,1665000
"performance tuning, scripting, algorithms, teamwork, api design, design patterns","engineering, learning new tools",master's degree,1,Software Engineer,539000,1227000
"figma, prototyping, user research, html, documentation, git, testing","user experience, web performance",bachelor's degree,1,Front-End Developer,458000,1068000
"caching, communication, kafka, design patterns, docker, stakeholder interviews, risk analysis","engineering, innovation",bachelor's degree,2,Back-End Developer,626000,1406000
"html, ci/cd, debugging","web development, clean code",bachelor's degree,3,Software Engineer,713000,1629000
"api design, cloud, databases, helm, linux, ci/cd, design patterns, software architecture","technology, site reliability, infrastructure, automation, system design",bachelor's degree,6,DevOps Engineer,883000,1787000
"agile, user research, visual design, css, design systems, personas","visual storytelling, customer feedback, design, technology, market fit",diploma,3,UX Designer,554000,1268000
"communication, data visualization, data storytelling, python, critical thinking, google sheets, risk analysis","analytics, statistics, innovation, data analysis, infrastructure",bachelor's degree,5,Data Analyst,649000,1341000
"data structures, api design, concurrency, ci/cd, terraform, site reliability","system design, clean code, automation, teamwork, algorithms, backend systems",bachelor's degree,0,Software Engineer,594000,1219000
"communication, stakeholder management","user research, strategy",master's degree,6,Product Manager,1209000,2654000
"python, documentation, git, design patterns, linux, html, data storytelling","programming, coding",phd,3,Software Engineer,678000,1438000
"problem solving, javascript, git, html, design patterns, okrs","backend systems, system design, programming",master's degree,1,Software Engineer,632000,1435000
"product analytics, requirements gathering, communication, problem solving, agile, kubernetes, networking","customer feedback, clean code",master's degree,1,Product Manager,797000,1647000
"presentation skills, algorithms, python, pytorch, machine learning, numpy, git","algorithms, statistics, data analysis",bachelor's degree,10,Machine Learning Engineer,1297000,2692000
"docker, communication, ci/cd, agile, api design, performance tuning","backend systems, engineering, software craftsmanship",bachelor's degree,5,Back-End Developer,852000,1727000
"debugging, python, javascript, data structures, presentation skills, algorithms, kubernetes, ansible","system design, backend systems, coding, software craftsmanship, programming, technology",master's degree,9,Software Engineer,917000,1952000
"cloud, site reliability, linux, grafana, ui components, sass","infrastructure, api design",master's degree,6,DevOps Engineer,885000,1969000
"testing, css, c++, code review","coding, user experience, web development, interactive web experiences, web performance",bachelor's degree,1,Front-End Developer,526000,1141000
"teamwork, scripting, databases, docker, ansible, presentation skills, api design","cloud, infrastructure, automation, kpis",master's degree,7,DevOps Engineer,864000,1911000
"debugging, linux, api design","software craftsmanship, system design, coding",diploma,10,Software Engineer,1050000,2279000
"data visualization, machine learning, dashboards, critical thinking, sql, stakeholder communication, grpc","statistics, reporting",master's degree,5,Data Analyst,776000,1584000
"dashboards, communication, data visualization, problem solving, stakeholder management, grafana, ansible","process improvement, visualization, reporting, strategy",master's degree,3,Business Analyst,685000,1535000
"problem solving, critical thinking, design patterns, ci/cd, react, vue","programming, teamwork, coding, systems, api design",master's degree,15,Software Engineer,1313000,2997000
"cloud, api design, scripting, teamwork, testing, agile, object-oriented design, performance tuning","infrastructure, teamwork, automation, cloud computing, cloud",bachelor's degree,3,DevOps Engineer,737000,1580000
"machine learning, data visualization, data cleaning, excel, problem solving, design critique","pattern recognition, visualization, analytics, web performance",diploma,8,Data Analyst,957000,2277000
"gap analysis, excel, communication, stakeholder management, teamwork","innovation, reporting, predictive modeling",bachelor's degree,1,Business Analyst,531000,1163000
"documentation, ui components, next.js, javascript, prototyping, debugging, critical thinking, load balancing, node.js","ui development, responsive design, design",master's degree,1,Front-End Developer,482000,1154000
"data structures, documentation, git, networking","algorithms, software craftsmanship, clean code, engineering, financial analysis",bachelor's degree,15,Software Engineer,1185000,2744000
"problem solving, dashboards, stakeholder communication, data visualization, teamwork, requirements gathering, data storytelling","stakeholder collaboration, reporting, innovation, requirements analysis, accessibility",diploma,10,Business Analyst,985000,2166000
"communication, market analysis, dashboards, requirements gathering, reporting, sketch, information architecture","analytics, learning new tools, visualization, requirements analysis, computer vision",bachelor's degree,3,Business Analyst,669000,1585000
"communication, api design, html, debugging, python, scripting, prometheus","backend systems, automation, web development, interactive web experiences",master's degree,0,Software Engineer,566000,1170000
"agile, docker, documentation, testing, git, api design, workflow automation",automation,bachelor's degree,1,DevOps Engineer,644000,1495000
"vlookup, machine learning, pandas, card sorting","reporting, technology, web performance",master's degree,1,Data Analyst,413000,882000
"figma, design systems, typescript, angular","coding, user experience, web development",bachelor's degree,1,Front-End Developer,538000,1176000
"linux, database indexing, documentation, spring boot, ci/cd, problem solving, card sorting, heuristic evaluation","engineering, teamwork, backend systems, distributed systems",bachelor's degree,1,Back-End Developer,542000,1204000
"dashboards, communication, business process improvement, critical thinking","teamwork, strategy, reporting",bachelor's degree,3,Business Analyst,656000,1384000
"machine learning, python, debugging, data cleaning, agile, pandas, problem solving","algorithms, teamwork, statistics",12th pass,13,Machine Learning Engineer,1368000,2959000
"statistics, communication, excel, vlookup","pattern recognition, dashboards, analytics, problem solving",diploma,1,Data Analyst,511000,1204000
"ci/cd, algorithms, documentation, problem solving, debugging, git, linux","software craftsmanship, systems, clean code, web development",bachelor's degree,2,Software Engineer,686000,1646000
"google sheets, reporting, sql, linear algebra, deep learning","visualization, statistics, learning new tools, analytics, automation",bachelor's degree,0,Data Analyst,401000,812000
"scripting, documentation, ci/cd, gap analysis","web development, coding, backend systems, automation",bachelor's degree,0,Software Engineer,553000,1227000
"c++, agile, algorithms, api design, card sorting","engineering, clean code",bachelor's degree,4,Software Engineer,820000,1737000
"agile, excel, sql, documentation, machine learning, product analytics, prioritization","analytics, technology, pattern recognition, data analysis",bachelor's degree,1,Data Analyst,472000,1057000
"testing, scripting, critical thinking, javascript, python, debugging, heuristic evaluation, design critique","automation, technology, engineering",bachelor's degree,1,Software Engineer,659000,1476000
"communication, documentation, market analysis, business process improvement, keras, nlp","strategy, analytics, reporting, automation",master's degree,3,Business Analyst,624000,1389000
"roadmap, reporting, documentation, dashboards, stakeholder management, interaction design","strategy, visualization, stakeholder collaboration, technology, artificial intelligence",diploma,2,Business Analyst,579000,1287000
"machine learning, python, data cleaning","statistics, predictive modeling",bachelor's degree,3,Machine Learning Engineer,766000,1801000
"testing, scripting, docker, git, requirements gathering","site reliability, infrastructure",bachelor's degree,2,DevOps Engineer,717000,1487000
"tableau, data cleaning, refactoring","visualization, analytics, reporting",bachelor's degree,5,Data Analyst,730000,1485000
"design patterns, data structures, python, javascript","engineering, problem solving, site reliability",bachelor's degree,3,Software Engineer,786000,1633000
"databases, testing, workflow automation, stakeholder interviews","backend systems, engineering, infrastructure",master's degree,4,Back-End Developer,774000,1642000
"stakeholder management, communication, git, teamwork, reporting, requirements gathering","risk management, visualization, reporting",bachelor's degree,3,Business Analyst,663000,1348000
"communication, reinforcement learning, pandas, machine learning, algorithms, git","data analysis, pattern recognition, statistics",master's degree,1,Machine Learning Engineer,682000,1602000
"requirements gathering, teamwork, customer discovery, communication, personas, kpis","market fit, user research",bachelor's degree,0,Product Manager,819000,1844000
"pandas, tableau, excel, sql, data cleaning, unit testing, performance tuning","data analysis, pattern recognition, technology, visual storytelling",master's degree,0,Data Analyst,373000,755000
"stakeholder communication, critical thinking, sql, statistics, communication, machine learning, ansible, kubernetes",pattern recognition,bachelor's degree,1,Data Analyst,529000,1095000
"risk analysis, excel, git, stakeholder management, data visualization, dashboards, requirements gathering, tableau, communication, next.js, redux","visualization, strategy, nlp research",bachelor's degree,7,Business Analyst,837000,1701000
"teamwork, presentation skills, sketch, figma, user research, css, design systems, personas, tailwind css","customer feedback, user experience, user research, teamwork, human-centered design, responsive design",phd,12,UX Designer,1036000,2357000
"user research, market analysis, personas, scikit-learn","growth, customer needs, stakeholder collaboration, learning new tools, business intelligence",master's degree,3,Product Manager,910000,1991000
"cloud, caching, git, authentication, databases, c#, design patterns","learning new tools, infrastructure",bachelor's degree,2,Back-End Developer,524000,1085000
"presentation skills, cloud, linux, testing, databases, git","backend systems, clean code",12th pass,6,Back-End Developer,873000,1893000
"git, html, prototyping, debugging, spring boot, caching","learning new tools, user experience, responsive design, coding, web development",bachelor's degree,1,Front-End Developer,456000,938000
"git, python, pandas, machine learning, pivot tables, looker","data analysis, problem solving",bachelor's degree,1,Machine Learning Engineer,799000,1599000
"testing, algorithms, refactoring, design patterns, critical thinking, api design, git, terraform, prometheus","automation, web development",bachelor's degree,2,Software Engineer,684000,1545000
"design systems, testing, prototyping, debugging, kafka","technology, responsive design, design",12th pass,13,Front-End Developer,1140000,2709000
"git, market analysis, communication, stakeholder management, agile, reporting, stakeholder communication, risk analysis, software architecture","analytics, strategy",bachelor's degree,3,Business Analyst,677000,1495000
"stakeholder communication, etl, numpy, sql, tableau","analytics, pattern recognition, visualization, process improvement",bachelor's degree,14,Data Analyst,1050000,2412000
"a/b testing, teamwork, power bi, numpy, statistics, excel, communication, okrs","learning new tools, data analysis, statistics, visualization, human-centered design",master's degree,3,Data Analyst,523000,1189000
"user research, design systems, problem solving, personas, prototyping, figma, presentation skills","user research, user experience, learning new tools, process improvement",bachelor's degree,4,UX Designer,740000,1698000
"reporting, teamwork, dashboards, communication, stakeholder management, excel, requirements gathering, financial modeling, journey mapping, usability","risk management, requirements analysis, strategy",bachelor's degree,2,Business Analyst,510000,1129000
"machine learning, problem solving, agile, tableau, python, monitoring, incident response","visualization, analytics",bachelor's degree,3,Data Analyst,565000,1330000
"kpis, tableau, excel, a/b testing, sql, communication, python, pandas, documentation, sketch, heuristic evaluation","data analysis, analytics, visualization, problem solving",master's degree,6,Data Analyst,788000,1584000
"statistics, stakeholder communication, data cleaning, documentation, excel, tableau, presentation skills, terraform, helm","innovation, data analysis, data storytelling, statistics, customer needs",diploma,3,Data Analyst,658000,1487000
"design systems, debugging, user research, prototyping, hyperparameter tuning","user experience, responsive design, web development, design, interactive web experiences",master's degree,6,Front-End Developer,682000,1552000
"testing, ci/cd, postgresql, databases, debugging, docker","backend systems, technology",bachelor's degree,3,Back-End Developer,632000,1455000
"communication, api design, design patterns, linux, teamwork, ci/cd, debugging, charts","engineering, business intelligence",master's degree,1,Software Engineer,682000,1564000
"databases, data structures, linux, market research, pivot tables",infrastructure,bachelor's degree,0,Back-End Developer,483000,1032000
"html, git, cross-browser testing, css, user research, prototyping, svelte, teamwork","web development, ui development, design",master's degree,5,Front-End Developer,674000,1389000
"user research, git, css, html, agile, figma, testing, kubernetes, grafana","user experience, web performance, kpis",master's degree,1,Front-End Developer,469000,1072000
"postgresql, debugging, design patterns, testing","engineering, backend systems",12th pass,1,Back-End Developer,586000,1353000
"prototyping, debugging, testing, figma, git","user experience, web development, innovation, market research",bachelor's degree,1,Front-End Developer,525000,1117000
"problem solving, roadmap, communication, ui components","market fit, customer feedback, site reliability",diploma,4,Product Manager,1036000,2419000
"scripting, html, testing, python, api design, teamwork, presentation skills, card sorting, usability","problem solving, automation, customer needs",bachelor's degree,0,Software Engineer,585000,1372000
"agile, teamwork, data cleaning, python, numpy, load balancing, postgresql","pattern recognition, statistics, system reliability",bachelor's degree,10,Machine Learning Engineer,1091000,2566000
"agile, numpy, python","innovation, data storytelling, pattern recognition, statistics, business intelligence",master's degree,3,Data Analyst,580000,1164000
"data structures, pandas, algorithms, pytorch, kubernetes, helm","algorithms, accessibility",bachelor's degree,3,Machine Learning Engineer,863000,1731000
"debugging, numpy, helm, grafana","programming, data analysis, statistics, teamwork",bachelor's degree,2,Machine Learning Engineer,666000,1401000
"data warehousing, stakeholder communication, teamwork, numpy, critical thinking, python, sql, excel, interaction design, visual design","analytics, pattern recognition, reporting, visual storytelling",bachelor's degree,2,Data Analyst,563000,1299000
"sql, risk analysis, stakeholder communication, business process improvement, scikit-learn, computer vision","visualization, analytics, reporting, customer needs",master's degree,2,Business Analyst,657000,1556000
"testing, scripting, communication, debugging, git, ci/cd, linux, ui components, progressive web apps","web development, software craftsmanship, technology, coding, automation",bachelor's degree,0,Software Engineer,509000,1031000
"scripting, html, python, agile, communication, api design, pytorch","backend systems, innovation",bachelor's degree,1,Software Engineer,644000,1316000
"statistics, pandas, concurrency, c#","statistics, data analysis, model optimization",bachelor's degree,10,Machine Learning Engineer,1270000,2820000
"presentation skills, angular, user research, css, testing, git, documentation","innovation, ui development, web development, system reliability",bachelor's degree,0,Front-End Developer,488000,1092000
"tableau, statistics, machine learning, python, documentation, data cleaning, refactoring, object-oriented design","teamwork, analytics",master's degree,3,Data Analyst,657000,1406000
"docker, testing, cloud, model deployment, reinforcement learning","infrastructure, cloud, systems",bachelor's degree,3,DevOps Engineer,769000,1686000
"figma, react, design systems","technology, web development, user experience, coding, web performance, human-centered design",bachelor's degree,3,Front-End Developer,625000,1262000
"requirements gathering, business case development, communication, presentation skills, data visualization, sql, card sorting, usability","stakeholder collaboration, teamwork, market research",bachelor's degree,3,Business Analyst,575000,1221000
"scripting, documentation, linux, javascript, python, html, django, mongodb","systems, engineering, clean code",diploma,0,Software Engineer,494000,1011000
"design systems, testing, use case documentation, business case development","coding, user experience, market fit",bachelor's degree,3,Front-End Developer,648000,1524000
"api design, javascript, ci/cd, debugging, data structures, redis, database indexing","coding, backend systems, web development, forecasting",bachelor's degree,0,Software Engineer,614000,1265000
"teamwork, linux, git, databases, react","technology, infrastructure",bachelor's degree,3,DevOps Engineer,806000,1702000
"statistics, python, machine learning, debugging, git, critical thinking, teamwork, pivot tables, market research","programming, technology, interactive web experiences",12th pass,14,Machine Learning Engineer,1280000,2726000
"presentation skills, user research, requirements gathering, stakeholder management, roadmap",strategy,12th pass,4,Product Manager,1067000,2450000
"figma, information architecture, personas, critical thinking, design systems, user research, backlog grooming, prioritization","user experience, user research, customer feedback, usability",bachelor's degree,1,UX Designer,447000,1040000
"user research, personas, communication, go-to-market strategy, requirements gathering, pivot tables, charts","customer needs, customer feedback, user research",bachelor's degree,1,Product Manager,920000,2100000
"python, algorithms, numpy, model deployment","technology, statistics, risk management",diploma,5,Machine Learning Engineer,944000,2181000
"statistics, debugging, numpy, git, python, stakeholder interviews, requirements gathering","statistics, learning new tools, data analysis, programming",bachelor's degree,6,Machine Learning Engineer,1126000,2462000
"javascript, prototyping, html, teamwork, user research, design systems, backlog grooming, metrics","user experience, design, ui development, problem solving, coding",master's degree,6,Front-End Developer,746000,1599000
"html, figma, design systems, grafana, logging systems","user experience, interactive web experiences",diploma,4,Front-End Developer,768000,1624000
"git, algorithms, testing, api design, debugging","engineering, programming, problem solving, web development",diploma,1,Software Engineer,620000,1277000
"testing, git, api design, communication, linux, cloud","systems, cloud, automation",bachelor's degree,1,DevOps Engineer,732000,1735000
"model evaluation, machine learning, numpy, linear algebra, ui components, tailwind css","learning new tools, pattern recognition, computer vision, programming",master's degree,1,Machine Learning Engineer,708000,1635000
"critical thinking, algorithms, ci/cd","clean code, algorithms, risk management",bachelor's degree,10,Software Engineer,1196000,2591000
"agile, html, testing, problem solving, api design","clean code, learning new tools, backend systems, automation, algorithms",bachelor's degree,15,Software Engineer,1468000,2989000
"javascript, figma, html, prototyping, user research","web development, coding, user experience, risk management",diploma,3,Front-End Developer,574000,1354000
"communication, presentation skills, tableau, dashboards, sql","strategy, analytics, reporting",bachelor's degree,6,Business Analyst,728000,1733000
"business case development, tableau, reporting, communication, sql, grafana","learning new tools, analytics, risk management, financial analysis, strategy",bachelor's degree,2,Business Analyst,503000,1165000
"ci/cd, documentation, problem solving, testing, debugging, business process improvement, risk analysis","automation, engineering",12th pass,3,Software Engineer,794000,1862000
"python, teamwork, machine learning, pandas, algorithms, communication","statistics, pattern recognition, programming",bachelor's degree,0,Machine Learning Engineer,646000,1369000
"data storytelling, machine learning, data visualization","data analysis, analytics, statistics",phd,5,Data Analyst,684000,1404000
"site reliability, teamwork, databases, linux, documentation, docker","cloud, problem solving, systems, growth",bachelor's degree,13,DevOps Engineer,1325000,2998000
"communication, css, debugging","user experience, coding, problem solving, usability",bachelor's degree,1,Front-End Developer,450000,1039000
"cloud, linux, data structures, ci/cd, backlog grooming","system reliability, infrastructure, innovation, cloud",bachelor's degree,5,Back-End Developer,661000,1427000
"requirements gathering, roadmap, product strategy, product analytics","user research, stakeholder collaboration, strategy",12th pass,10,Product Manager,1521000,3232000
"process mapping, dashboards, market analysis, communication, requirements gathering","reporting, risk management, business intelligence",bachelor's degree,6,Business Analyst,747000,1704000
"tableau, git, stakeholder management, reporting, data visualization, svelte, progressive web apps","stakeholder collaboration, visualization, reporting, interactive web experiences",bachelor's degree,15,Business Analyst,1416000,2917000
"testing, docker, kafka, api design, git, design patterns","engineering, backend systems",diploma,6,Back-End Developer,770000,1674000
"communication, data structures, testing, ci/cd, sketch","cloud, engineering",master's degree,5,Back-End Developer,845000,1962000
"requirements gathering, roadmap, data visualization, presentation skills","visualization, analytics, stakeholder collaboration, teamwork",diploma,5,Business Analyst,779000,1619000
"testing, data structures, problem solving, algorithms, html, python, workflow automation",algorithms,master's degree,1,Software Engineer,557000,1211000
"stakeholder management, market analysis, personas, requirements gathering, customer discovery, problem solving, ui components, storybook","problem solving, customer needs, stakeholder collaboration, customer feedback",bachelor's degree,6,Product Manager,1019000,2248000
"css, javascript, prototyping, design systems, next.js, redux, data warehousing","web development, design, coding, growth",bachelor's degree,6,Front-End Developer,758000,1688000
"problem solving, statistics, dashboards","data analysis, growth",bachelor's degree,6,Data Analyst,787000,1843000
"stakeholder communication, market analysis, communication, presentation skills, agile, dashboards, scikit-learn, hyperparameter tuning","reporting, strategy, visualization",bachelor's degree,4,Business Analyst,725000,1687000
"design systems, css, debugging, javascript, user research","user experience, innovation, web development, design, api design",bachelor's degree,3,Front-End Developer,581000,1319000
"scripting, api design, ci/cd, documentation, qlik, looker","programming, learning new tools, systems",bachelor's degree,7,Software Engineer,918000,2017000
"databases, docker, git, api design, testing, requirements gathering, business process improvement",infrastructure,master's degree,3,DevOps Engineer,795000,1830000
"numpy, data cleaning, tensorflow, vlookup, pivot tables","algorithms, api design",master's degree,3,Machine Learning Engineer,746000,1511000
"machine learning, sql, dashboards, problem solving, pivot tables, data visualization, reporting, redux","data analysis, teamwork, forecasting, web performance",diploma,4,Data Analyst,659000,1397000
"testing, refactoring, presentation skills, algorithms, stakeholder interviews","coding, automation, systems, technology",diploma,3,Software Engineer,617000,1447000
"design patterns, git, debugging, journey mapping, heuristic evaluation","problem solving, backend systems, system design",master's degree,5,Back-End Developer,747000,1629000
"cloud, api design, critical thinking, ansible, cross-browser testing, progressive web apps","teamwork, automation, infrastructure, cloud",bachelor's degree,6,DevOps Engineer,1052000,2246000
"git, testing, linux, ci/cd, design patterns, data structures, process mapping","coding, engineering",bachelor's degree,4,Software Engineer,729000,1501000
"git, reporting, data cleaning, numpy","forecasting, data analysis, data storytelling, pattern recognition",diploma,10,Data Analyst,954000,2191000
"problem solving, communication, ci/cd, docker, use case documentation, process mapping","automation, site reliability, infrastructure",bachelor's degree,5,DevOps Engineer,863000,1852000
"machine learning, sql, okrs","pattern recognition, data analysis",diploma,1,Data Analyst,405000,935000
"presentation skills, ci/cd, load balancing, problem solving, linux, design patterns","infrastructure, engineering, problem solving, artificial intelligence",12th pass,6,Back-End Developer,876000,2073000
"cross-browser testing, typescript, documentation, user research, debugging, figma, prototyping, design systems","design, coding, ui development, interactive web experiences, user experience, automation",bachelor's degree,0,Front-End Developer,454000,1023000
"api design, ci/cd, requirements gathering, workflow automation","engineering, infrastructure, cloud, accessibility",bachelor's degree,2,Back-End Developer,527000,1100000
"data structures, cloud, linux, debugging, ci/cd, typescript, css animations","learning new tools, cloud, infrastructure, engineering",diploma,0,Back-End Developer,461000,1058000
"communication, problem solving, competitive analysis, personas, roadmap, customer discovery","teamwork, strategy, customer feedback",12th pass,2,Product Manager,1039000,2391000
"statistics, qlik, regression analysis, sql, object-oriented design, design patterns",visualization,diploma,3,Data Analyst,503000,1117000
"data structures, databases, agile, testing, cloud, teamwork, prometheus, site reliability","cloud, infrastructure",master's degree,2,Back-End Developer,666000,1493000
"linux, problem solving, algorithms, api design, agile","engineering, programming, automation, problem solving, financial analysis",12th pass,0,Software Engineer,589000,1227000
"dashboards, stakeholder communication, regression analysis, pandas, dax, statistics, data cleaning, redux, storybook","innovation, data analysis, statistics, dashboards",diploma,10,Data Analyst,858000,1748000
"figma, design systems, sass, debugging, testing, documentation, css, svelte, git, code review, object-oriented design","interactive web experiences, ui development, user experience, web development",bachelor's degree,1,Front-End Developer,478000,1083000
"problem solving, testing, linux, docker, c++","problem solving, cloud, engineering",diploma,0,Back-End Developer,532000,1124000
"requirements gathering, personas, communication, customer discovery, workflow automation","learning new tools, user research, stakeholder collaboration",master's degree,6,Product Manager,1202000,2718000
"testing, git","engineering, api design, nlp research",master's degree,3,Back-End Developer,645000,1544000
"teamwork, logging systems, linux, scripting, prometheus, database indexing","systems, teamwork",master's degree,3,DevOps Engineer,789000,1877000
"problem solving, customer discovery, design systems, prototyping, agile, figma, user research, incident response, site reliability","user experience, usability, problem solving, user research, customer needs",bachelor's degree,9,UX Designer,826000,1686000
"css, git, presentation skills, prototyping, risk analysis, business process improvement","user experience, customer feedback, user research, infrastructure",diploma,8,UX Designer,855000,1905000
"caching, git, debugging, interaction design","technology, infrastructure, cloud",bachelor's degree,5,Back-End Developer,816000,1727000
"cloud, api design, critical thinking, presentation skills, linux, logging systems","technology, engineering, cloud",bachelor's degree,15,Back-End Developer,1135000,2693000
"css, ui components, javascript, html, problem solving","user experience, design, web development",bachelor's degree,4,Front-End Developer,653000,1473000
"html, ci/cd, communication, code review, presentation skills","programming, algorithms, systems, problem solving, accessibility",bachelor's degree,10,Software Engineer,967000,1986000
"personas, documentation, market analysis, customer discovery, problem solving, user research",stakeholder collaboration,bachelor's degree,1,Product Manager,827000,1941000
"dashboards, problem solving, roadmap, critical thinking, design critique, sketch","reporting, innovation, visualization, predictive modeling",bachelor's degree,8,Business Analyst,929000,2037000
"machine learning, pandas, data cleaning, stakeholder communication, communication, excel","statistics, dashboards, market research, computer vision",bachelor's degree,1,Data Analyst,463000,959000
"prototyping, debugging, design systems, figma","user experience, teamwork",bachelor's degree,13,Front-End Developer,993000,2005000
"process mapping, market analysis, data visualization, ansible, grafana","strategy, reporting, analytics, accessibility",bachelor's degree,1,Business Analyst,531000,1181000
"linux, sharding, testing, api design, documentation, debugging, docker, agile",backend systems,phd,1,Back-End Developer,500000,1133000
"user research, design systems, unit testing","user experience, distributed systems",bachelor's degree,4,Front-End Developer,583000,1378000
"teamwork, html, object-oriented design, scripting, git, unit testing, model evaluation, model deployment","systems, coding, scalability",master's degree,3,Software Engineer,790000,1804000
"documentation, figma, git, cross-browser testing, communication, business process improvement, use case documentation","coding, innovation, web development, design, clean code",bachelor's degree,9,Front-End Developer,1016000,2233000
"figma, prototyping, code review","customer feedback, user experience, user research",master's degree,1,UX Designer,530000,1156000
"scripting, linux, api design, problem solving, presentation skills, data structures, design patterns, competitive analysis","web development, backend systems, learning new tools, programming",diploma,7,Software Engineer,836000,1779000
"git, scripting, product analytics","clean code, problem solving, programming, visual storytelling",diploma,7,Software Engineer,917000,1981000
"roadmap, customer discovery, user research, agile, communication, stakeholder management, teamwork, kafka, authentication","user research, teamwork, customer feedback, strategy",bachelor's degree,3,Product Manager,1071000,2440000
"personas, css, figma, design systems","design, accessibility, artificial intelligence",master's degree,3,UX Designer,573000,1195000
"javascript, scripting, api design, c++, design patterns, c#, stakeholder interviews","backend systems, algorithms, systems",phd,6,Software Engineer,778000,1664000
"linux, ci/cd, metrics, product strategy","infrastructure, distributed systems, cloud, accessibility",bachelor's degree,4,Back-End Developer,755000,1559000
"algorithms, numpy, machine learning, statistics, monitoring, infrastructure as code","algorithms, technology",bachelor's degree,15,Machine Learning Engineer,1545000,3190000
"documentation, docker, linux, software architecture, object-oriented design","cloud, distributed systems, visual storytelling",bachelor's degree,0,Back-End Developer,447000,923000
"personas, roadmap, requirements gathering, stakeholder management, documentation, communication, load balancing","stakeholder collaboration, user research, cloud computing",bachelor's degree,6,Product Manager,1282000,2667000
"spring boot, ci/cd, cloud, git, linux, databases, card sorting, sketch","engineering, problem solving",master's degree,14,Back-End Developer,1165000,2659000
"testing, debugging, critical thinking, teamwork, python, algorithms, scripting, c++, helm, logging systems","learning new tools, algorithms, process improvement",bachelor's degree,4,Software Engineer,824000,1887000
"figma, presentation skills, design systems","web development, learning new tools, user experience, process improvement",bachelor's degree,12,Front-End Developer,1151000,2668000
"testing, data structures, presentation skills, design patterns, algorithms, git, python","coding, automation, backend systems, technology",master's degree,10,Software Engineer,945000,2079000
"prototyping, css, design systems","user experience, user research, design, nlp research",diploma,3,UX Designer,647000,1408000
"figma, personas, communication, documentation, business case development, stakeholder interviews","user experience, system design",bachelor's degree,1,UX Designer,447000,1001000
"charts, machine learning, dashboards, reporting, data cleaning, stakeholder communication","learning new tools, statistics, product strategy",phd,10,Data Analyst,1086000,2368000
"user research, teamwork, prototyping, problem solving, html, design systems, figma","technology, user experience, product strategy",diploma,3,Front-End Developer,670000,1477000
"testing, design patterns, databases, communication, api design","innovation, api design, infrastructure",master's degree,0,Back-End Developer,426000,960000
"css, presentation skills, teamwork, design systems, customer discovery, personas, ansible, helm","customer feedback, design, user experience, problem solving, clean code",bachelor's degree,1,UX Designer,452000,974000
"cloud, ci/cd, documentation, scikit-learn","api design, backend systems",bachelor's degree,4,Back-End Developer,748000,1793000
"ansible, docker, linux, documentation","infrastructure, cloud",master's degree,0,DevOps Engineer,627000,1504000
"algorithms, git, pandas, numpy, problem solving, tensorflow, machine learning, product strategy, metrics","model optimization, nlp research, statistics, algorithms",bachelor's degree,3,Machine Learning Engineer,893000,2029000
"debugging, presentation skills, docker, problem solving, journey mapping","infrastructure, cloud",bachelor's degree,2,Back-End Developer,579000,1173000
"dashboards, stakeholder communication, python, data cleaning, tableau, git, hyperparameter tuning","pattern recognition, teamwork, reporting, cloud computing",bachelor's degree,2,Data Analyst,524000,1237000
"data cleaning, data visualization, problem solving, reporting, python, agile, machine learning, site reliability, networking","analytics, data analysis",bachelor's degree,1,Data Analyst,531000,1070000
"teamwork, agile, dashboards, data visualization, sql, stakeholder communication, pandas, performance tuning, code review","reporting, pattern recognition, market research, dashboards, statistics, web performance",12th pass,6,Data Analyst,780000,1803000
"css, design systems, personas, dax","design, usability, user experience, technology, user research, human-centered design, requirements analysis",bachelor's degree,4,UX Designer,669000,1562000
"roadmap, go-to-market strategy, stakeholder management, customer discovery, personas, requirements gathering","customer feedback, product strategy, strategy, business intelligence",bachelor's degree,11,Product Manager,1249000,2923000
"communication, critical thinking, process mapping, stakeholder management, reporting, sql","strategy, data storytelling",master's degree,9,Business Analyst,854000,1851000
"python, git, machine learning, data cleaning, xgboost, data structures","algorithms, learning new tools, statistics",bachelor's degree,6,Machine Learning Engineer,939000,2180000
"ci/cd, kafka, debugging, agile, documentation","backend systems, web performance",diploma,9,Back-End Developer,1023000,2377000
"customer discovery, market analysis, communication, user research, use case documentation, requirements gathering","user research, strategy, stakeholder collaboration, learning new tools, usability",bachelor's degree,4,Product Manager,899000,1844000
"databases, docker, cloud, linux, prioritization, metrics","cloud, automation, cloud computing",bachelor's degree,3,DevOps Engineer,784000,1770000
"customer discovery, figma, personas, design systems, css, pricing strategy, metrics","customer feedback, human-centered design, user research, web performance",bachelor's degree,7,UX Designer,914000,2147000
"critical thinking, data cleaning, numpy, debugging, presentation skills, kpis","artificial intelligence, statistics, pattern recognition",12th pass,1,Machine Learning Engineer,764000,1709000
"data cleaning, data visualization, stakeholder communication, machine learning","data analysis, visualization, reporting, innovation, data storytelling, computer vision",master's degree,3,Data Analyst,618000,1276000
"business case development, stakeholder communication, tableau, excel, roadmap, process mapping, communication","analytics, artificial intelligence",phd,1,Business Analyst,539000,1150000
"reporting, critical thinking, excel, problem solving, sql, data cleaning, pandas, database indexing, grpc","learning new tools, analytics, artificial intelligence",master's degree,0,Data Analyst,405000,813000
"stakeholder management, market analysis, reporting, tableau, communication, caching","problem solving, financial analysis, strategy, reporting",bachelor's degree,0,Business Analyst,495000,1064000
"roadmap, market analysis, excel, communication, dashboards, presentation skills, teamwork","strategy, risk management, learning new tools",bachelor's degree,1,Business Analyst,577000,1328000
"presentation skills, user research, market analysis, customer discovery, problem solving, stakeholder management","technology, stakeholder collaboration, api design",diploma,1,Product Manager,754000,1752000
"problem solving, debugging, git, api design","backend systems, problem solving, coding, clean code",phd,1,Software Engineer,594000,1408000
"git, debugging, testing, design patterns, api design, presentation skills, deep learning, scikit-learn","learning new tools, engineering, algorithms, systems, computer vision",bachelor's degree,12,Software Engineer,1255000,2842000
"python, javascript, linux, sass","backend systems, programming",diploma,1,Software Engineer,674000,1460000
"debugging, prototyping, user research, figma","coding, innovation",bachelor's degree,9,Front-End Developer,1044000,2169000
"ci/cd, concurrency, algorithms, linux, design patterns, git","innovation, systems, backend systems, algorithms, visual storytelling",12th pass,3,Software Engineer,759000,1582000
"numpy, python, git, information architecture, sketch","data analysis, pattern recognition, teamwork, programming",diploma,2,Machine Learning Engineer,797000,1692000
"sql, stakeholder management, excel, presentation skills, dashboards, spring boot, kafka","innovation, stakeholder collaboration, process improvement",phd,2,Business Analyst,524000,1135000
"user research, html, css, javascript, communication, git",coding,bachelor's degree,0,Front-End Developer,455000,986000
"html, object-oriented design, presentation skills, debugging, documentation, pricing strategy, okrs",backend systems,phd,7,Software Engineer,966000,2302000
"python, algorithms, debugging, numpy, agile, data cleaning, heuristic evaluation, design critique","predictive modeling, statistics, technology, model optimization",diploma,8,Machine Learning Engineer,964000,2044000
"problem solving, data structures, git, design patterns, documentation, caching, authentication","systems, coding, engineering",diploma,5,Software Engineer,711000,1639000
"market analysis, user research, agile, customer discovery, sharding, authentication","learning new tools, user research, stakeholder collaboration, market fit, product strategy, strategy, data storytelling",bachelor's degree,1,Product Manager,752000,1598000
"communication, tableau, numpy, critical thinking","market research, statistics, forecasting",phd,5,Data Analyst,640000,1439000
"ci/cd, testing, agile, data structures, debugging, business process improvement, requirements gathering","engineering, infrastructure, learning new tools, backend systems",bachelor's degree,6,Back-End Developer,820000,1849000
"sql, market analysis, reporting, stakeholder communication, communication","strategy, process improvement, automation",phd,0,Business Analyst,454000,1023000
"agile, data cleaning, git, machine learning, performance tuning","programming, problem solving",bachelor's degree,9,Machine Learning Engineer,1102000,2537000
"model evaluation, numpy, hyperparameter tuning, agile, presentation skills, pandas, algorithms, data cleaning, statistics, storybook, css animations","data analysis, technology, algorithms, statistics, market fit",bachelor's degree,2,Machine Learning Engineer,779000,1572000
"sql, regression analysis, pandas, documentation, numpy, statistics, business case development, stakeholder interviews","pattern recognition, analytics, reporting, predictive modeling",bachelor's degree,6,Data Analyst,817000,1919000
"git, python, data structures, agile, css animations, tailwind css","programming, web development, learning new tools, algorithms",bachelor's degree,2,Software Engineer,657000,1442000
"figma, problem solving, design systems, css, agile, design critique, sketch, google sheets, data warehousing",customer feedback,12th pass,10,UX Designer,908000,2169000
"python, presentation skills, pandas, concurrency, object-oriented design","statistics, forecasting, dashboards, data analysis, clean code",bachelor's degree,11,Data Analyst,1169000,2724000
"problem solving, scripting, api design","coding, programming, algorithms, problem solving",phd,2,Software Engineer,625000,1274000
"html, svelte, presentation skills, debugging, testing, agile, user research, git, gap analysis, financial modeling","coding, interactive web experiences, problem solving",diploma,10,Front-End Developer,968000,2287000
"ui components, user research, testing, sass, object-oriented design","interactive web experiences, web development",diploma,1,Front-End Developer,519000,1067000
"api design, debugging, data structures","backend systems, engineering, problem solving, growth",bachelor's degree,7,Back-End Developer,1005000,2097000
"statistics, machine learning, excel, next.js, vue","statistics, data storytelling, analytics, business intelligence, ui development",bachelor's degree,4,Data Analyst,593000,1362000
"sql, python","learning new tools, business intelligence, statistics, data analysis",bachelor's degree,6,Data Analyst,777000,1754000
"critical thinking, linux, cloud",infrastructure,bachelor's degree,3,Back-End Developer,650000,1550000
"html, git, ci/cd, api design, debugging, communication, agile, vue, ui components","web development, teamwork, backend systems",diploma,5,Software Engineer,926000,2141000
"statistics, pandas, teamwork, git, machine learning","innovation, statistics, programming, pattern recognition, accessibility",bachelor's degree,2,Machine Learning Engineer,855000,2006000
"linux, terraform, documentation, git, api design, testing, ci/cd, risk analysis, business process improvement","site reliability, problem solving, cloud, scalability",master's degree,0,DevOps Engineer,577000,1209000
"testing, scripting, problem solving, linux, git, api design, agile, power bi","infrastructure, cloud, systems",bachelor's degree,1,DevOps Engineer,624000,1417000
"stakeholder management, market analysis, roadmap, communication, requirements gathering","user research, stakeholder collaboration, customer feedback, learning new tools, visual storytelling",bachelor's degree,6,Product Manager,1038000,2112000
"figma, css, html, design systems, prototyping","web development, design, human-centered design",bachelor's degree,3,Front-End Developer,670000,1478000
"html, debugging, git, backlog grooming, metrics","learning new tools, programming, systems, coding",bachelor's degree,12,Software Engineer,1227000,2785000
"data cleaning, python, documentation, teamwork, excel, helm",visualization,bachelor's degree,6,Data Analyst,718000,1700000
"css, documentation, git, product analytics","coding, web performance",bachelor's degree,2,Front-End Developer,594000,1330000
"machine learning, critical thinking, reporting, tableau, data cleaning, pandas, agile",analytics,bachelor's degree,9,Data Analyst,958000,2069000
"css, prototyping, problem solving","design, responsive design, teamwork, scalability",bachelor's degree,1,Front-End Developer,492000,1128000
"pytorch, data cleaning, statistics, numpy, xgboost, usability, heuristic evaluation","algorithms, data analysis, statistics, interactive web experiences",diploma,3,Machine Learning Engineer,776000,1686000
"stakeholder management, requirements gathering, teamwork, communication, problem solving, unit testing, concurrency","user research, market fit, product strategy, strategy",diploma,10,Product Manager,1245000,2660000
"scripting, refactoring, data structures, git, javascript, documentation, pricing strategy, product strategy","automation, systems, software craftsmanship, visual storytelling",phd,6,Software Engineer,928000,1898000
"git, data cleaning, python, nlp, algorithms, problem solving, debugging","pattern recognition, learning new tools, data analysis, model optimization, artificial intelligence, programming",bachelor's degree,4,Machine Learning Engineer,853000,1716000
"pandas, git, python, debugging, algorithms",statistics,bachelor's degree,1,Machine Learning Engineer,805000,1727000
"pandas, communication, excel, data visualization, git, gap analysis, use case documentation","learning new tools, data analysis",bachelor's degree,15,Data Analyst,1249000,2702000
"sql, stakeholder communication, pandas, statistics, numpy, helm","analytics, visualization, ui development",bachelor's degree,1,Data Analyst,431000,896000
"code review, javascript, agile, debugging, c++, linux, keras, deep learning","automation, algorithms, web development, forecasting",diploma,1,Software Engineer,527000,1104000
"debugging, c++, html, python, documentation, regression analysis","clean code, learning new tools, systems",master's degree,7,Software Engineer,933000,1915000
"agile, problem solving, dashboards, data visualization","pattern recognition, data analysis, reporting, problem solving, artificial intelligence",master's degree,1,Data Analyst,462000,986000
"api design, python, scripting, problem solving, teamwork, git, design patterns","coding, market fit",master's degree,1,Software Engineer,546000,1304000
"git, debugging, ci/cd, python, algorithms, performance tuning, monitoring, terraform","coding, system design, software craftsmanship, teamwork",diploma,6,Software Engineer,926000,1953000
"machine learning, excel, documentation, sql, data visualization, git, reporting, ui components","visualization, reporting, technology, statistics, automation",12th pass,0,Data Analyst,434000,917000
"ci/cd, scripting, algorithms, api design, design critique","programming, system design, backend systems, interactive web experiences",master's degree,6,Software Engineer,1002000,2194000
"personas, user research, communication, incident response, grafana",customer feedback,bachelor's degree,6,Product Manager,1297000,2718000
"git, scripting, html, linux, stakeholder interviews, financial modeling","automation, teamwork, web development",bachelor's degree,2,Software Engineer,594000,1263000
"pandas, hyperparameter tuning, git, numpy, presentation skills, machine learning, python","pattern recognition, learning new tools, statistics, data analysis, computer vision, usability",bachelor's degree,1,Machine Learning Engineer,743000,1708000
"roadmap, user research, personas, stakeholder management, teamwork, dax","strategy, user research, innovation",diploma,11,Product Manager,1593000,3523000
"testing, databases, api design, git, cloud, documentation, cross-browser testing, sass","systems, cloud, infrastructure",master's degree,6,DevOps Engineer,797000,1730000
"message queues, api design, cloud, ci/cd, databases, site reliability, infrastructure as code","engineering, cloud, backend systems, distributed systems",bachelor's degree,1,Back-End Developer,521000,1046000
"cloud, ci/cd, databases, linux, api design, data storytelling, etl","engineering, infrastructure, backend systems",master's degree,1,Back-End Developer,577000,1201000
"python, reporting, tailwind css","visualization, analytics, business intelligence",bachelor's degree,0,Data Analyst,441000,970000
"cloud, debugging","backend systems, infrastructure",12th pass,13,Back-End Developer,1078000,2468000
"mongodb, presentation skills, git, problem solving, ci/cd, debugging, unit testing",backend systems,bachelor's degree,3,Back-End Developer,659000,1542000
"git, excel, communication, stakeholder management, dashboards, sql, progressive web apps","reporting, strategy, analytics, technology, usability",phd,10,Business Analyst,1159000,2497000
"design systems, css, competitive analysis, pricing strategy","customer feedback, innovation, risk management",bachelor's degree,0,UX Designer,489000,1146000
"personas, requirements gathering, stakeholder management","customer feedback, technology, stakeholder collaboration",bachelor's degree,10,Product Manager,1407000,2921000
"javascript, design systems, metrics, backlog grooming","design, web development, coding",master's degree,1,Front-End Developer,489000,1008000
"personas, customer discovery, product analytics, git, stakeholder management, market analysis, agile, c#, performance tuning","product strategy, stakeholder collaboration, customer feedback, growth, strategy",bachelor's degree,4,Product Manager,988000,2045000
"personas, user research","design, user experience, user research",bachelor's degree,0,UX Designer,429000,870000
"design systems, redux, prototyping, documentation, figma, javascript, communication, pivot tables, kpis","web development, design, problem solving, user experience",bachelor's degree,2,Front-End Developer,554000,1171000
"sql, statistics, presentation skills","pattern recognition, reporting, forecasting, statistics, innovation",diploma,10,Data Analyst,859000,2055000
"personas, communication, customer discovery, market analysis, grafana, terraform","stakeholder collaboration, user research, learning new tools, customer needs, business intelligence",diploma,1,Product Manager,791000,1802000
"stakeholder communication, reporting, statistics, pytorch, model deployment","data analysis, teamwork, forecasting, statistics, reporting",master's degree,0,Data Analyst,419000,940000
"reporting, git, business process improvement, roadmap, stakeholder communication","reporting, analytics, stakeholder collaboration",bachelor's degree,12,Business Analyst,995000,2157000
"statistics, data cleaning, critical thinking, algorithms, git, model deployment, presentation skills, load balancing, database indexing","innovation, programming, pattern recognition",master's degree,4,Machine Learning Engineer,967000,2192000
"excel, python, data cleaning, teamwork, stakeholder communication, git, pandas, power bi","statistics, analytics, data analysis",master's degree,0,Data Analyst,425000,990000
"statistics, sql, reporting, tableau","pattern recognition, innovation, market fit",bachelor's degree,3,Data Analyst,657000,1340000
"pandas, numpy, debugging, reinforcement learning, data structures, git, refactoring","statistics, pattern recognition, teamwork, interactive web experiences",diploma,1,Machine Learning Engineer,683000,1638000
"python, data warehousing, sql, etl, okrs",data analysis,diploma,5,Data Analyst,689000,1577000
"testing, critical thinking, teamwork, html, linux, api design, design patterns, sketch, interaction design","programming, technology",master's degree,0,Software Engineer,569000,1343000
"api design, linux, data structures, cloud, object-oriented design, performance tuning","infrastructure, engineering, cloud, accessibility",diploma,8,Back-End Developer,884000,1927000
"critical thinking, python, algorithms","pattern recognition, statistics, requirements analysis",diploma,1,Machine Learning Engineer,703000,1642000
"api design, ci/cd, business case development, use case documentation","learning new tools, automation, infrastructure, cloud",master's degree,1,DevOps Engineer,608000,1258000
"documentation, statistics, presentation skills, sql, stakeholder communication, python, reinforcement learning","analytics, data analysis, reporting, accessibility",master's degree,1,Data Analyst,468000,977000
"documentation, statistics, tableau, numpy, load balancing, mongodb","data analysis, problem solving, reporting, statistics",bachelor's degree,1,Data Analyst,527000,1095000
"testing, critical thinking, figma, git, tailwind css, sketch, information architecture","web development, coding, design",master's degree,10,Front-End Developer,1024000,2452000
"personas, communication, figma, prototyping, information architecture, design systems, requirements gathering, stakeholder interviews","design, innovation, customer feedback",phd,2,UX Designer,522000,1244000
"reporting, tableau, documentation, teamwork, excel, dashboards, grafana, networking","technology, analytics, customer needs",diploma,2,Data Analyst,504000,1090000
"documentation, stakeholder communication, sql, excel","visualization, process improvement, strategy, technology, analytics",master's degree,9,Business Analyst,959000,2014000
"documentation, api design, cloud, linux, ci/cd, data structures, communication, qlik","api design, engineering, computer vision",master's degree,2,Back-End Developer,687000,1477000
"git, teamwork, data structures, data cleaning, statistics, code review, object-oriented design","pattern recognition, programming, statistics, technology",master's degree,8,Machine Learning Engineer,992000,2018000
"git, databases, api design, docker, kubernetes, interaction design","automation, innovation, systems, system reliability",bachelor's degree,7,DevOps Engineer,968000,1964000
"css, design critique, figma, journey mapping, infrastructure as code","technology, user research, customer feedback, user experience",diploma,15,UX Designer,1095000,2588000
"ci/cd, python, agile, testing, critical thinking, design patterns, debugging, kpis, charts","systems, coding, clean code, distributed systems",phd,1,Software Engineer,524000,1237000
"presentation skills, stakeholder management, dashboards, excel","visualization, strategy",master's degree,4,Business Analyst,755000,1775000
"communication, data structures, data cleaning, pandas, numpy","data analysis, statistics, pattern recognition, problem solving, risk management",bachelor's degree,1,Machine Learning Engineer,755000,1664000
"documentation, statistics, debugging, mlops, teamwork, pandas, progressive web apps","pattern recognition, clean code",master's degree,10,Machine Learning Engineer,1031000,2428000
"numpy, debugging, data structures, data cleaning","predictive modeling, pattern recognition, model optimization, data analysis, clean code",master's degree,5,Machine Learning Engineer,919000,1954000
"python, scripting, debugging, agile, api design, monitoring","problem solving, web development, programming, coding, model optimization",bachelor's degree,1,Software Engineer,535000,1115000
"data visualization, python, tableau, git, teamwork, sass","analytics, visualization, pattern recognition, usability",master's degree,3,Data Analyst,577000,1288000
"git, tailwind css, javascript, mongodb, postgresql","web development, user experience, design, human-centered design",bachelor's degree,4,Front-End Developer,713000,1500000
"documentation, algorithms, api design, ci/cd, testing","coding, web development",bachelor's degree,0,Software Engineer,626000,1462000
"ci/cd, software architecture, api design, communication, algorithms, javascript, python","systems, software craftsmanship, coding, backend systems, system design",phd,2,Software Engineer,624000,1399000
"agile, docker, git, prometheus, documentation, cloud","cloud, automation, systems, distributed systems",12th pass,0,DevOps Engineer,558000,1277000
"documentation, design patterns, html, c#, javascript, ci/cd, python","backend systems, algorithms",bachelor's degree,3,Software Engineer,642000,1532000
"excel, pandas, python, communication, kpis, stakeholder communication, pricing strategy, go-to-market strategy","data analysis, dashboards, human-centered design",bachelor's degree,3,Data Analyst,664000,1533000
"databases, debugging, testing, git",infrastructure,bachelor's degree,3,Back-End Developer,585000,1386000
"user research, git, teamwork, prototyping, customer discovery, process mapping","innovation, design, clean code",bachelor's degree,9,UX Designer,922000,2161000
"problem solving, teamwork, api design, debugging, git","cloud, innovation",master's degree,2,Back-End Developer,547000,1224000
"documentation, javascript, html, python, presentation skills, design patterns, pytorch, tensorflow","systems, problem solving, programming, backend systems, system reliability",bachelor's degree,1,Software Engineer,591000,1297000
"user research, communication, roadmap, requirements gathering, stakeholder management, problem solving, design critique","innovation, customer feedback, market fit",master's degree,1,Product Manager,925000,2003000
"design patterns, data structures, documentation, python","backend systems, technology, systems, programming, product strategy",bachelor's degree,4,Software Engineer,854000,1787000
"communication, dashboards, documentation, stakeholder communication, roadmap, process mapping, financial modeling, market analysis, cross-browser testing, angular","learning new tools, risk management, stakeholder collaboration",bachelor's degree,1,Business Analyst,593000,1272000
"python, agile, git, regression analysis","pattern recognition, data analysis, problem solving",phd,8,Machine Learning Engineer,959000,2288000
"linux, cloud, design patterns, api design, stakeholder interviews, requirements gathering","cloud, infrastructure, backend systems, technology, forecasting",12th pass,4,Back-End Developer,754000,1565000
"documentation, customer discovery, problem solving, communication, roadmap, user research","stakeholder collaboration, customer feedback, strategy, system design",phd,12,Product Manager,1565000,3425000
"user research, problem solving, figma, typescript, design systems, prototyping","web development, problem solving, coding, ui development, user experience, system design",12th pass,1,Front-End Developer,444000,1003000
"stakeholder management, market analysis, product analytics, user research, requirements gathering, personas, teamwork, code review, refactoring","customer feedback, stakeholder collaboration, user research, system design",bachelor's degree,1,Product Manager,896000,2058000
"heuristic evaluation, sketch, figma, communication, user research, personas, agile, tailwind css","learning new tools, user research, design, user experience",master's degree,3,UX Designer,621000,1294000
"critical thinking, user research, stakeholder management, documentation, css animations","customer feedback, stakeholder collaboration, strategy",bachelor's degree,1,Product Manager,797000,1820000
"requirements gathering, reporting, stakeholder management, roadmap, agile, hyperparameter tuning, deep learning","strategy, risk management, visualization",master's degree,2,Business Analyst,660000,1492000
"debugging, pandas, communication, documentation, process mapping, risk analysis","predictive modeling, data analysis, problem solving, artificial intelligence, algorithms",diploma,1,Machine Learning Engineer,780000,1808000
"stakeholder communication, data visualization, critical thinking, numpy, documentation, progressive web apps, tailwind css","reporting, kpis, statistics, pattern recognition",master's degree,4,Data Analyst,721000,1683000
"c#, html, api design, scripting, python, design patterns","backend systems, engineering, site reliability",bachelor's degree,2,Software Engineer,712000,1621000
"kpis, python, sql, product analytics","statistics, forecasting, pattern recognition",master's degree,0,Data Analyst,474000,1087000
"machine learning, algorithms, teamwork, statistics, svelte, ui components","problem solving, statistics, programming, data analysis",master's degree,10,Machine Learning Engineer,1315000,2949000
"sql, agile, numpy, scikit-learn, linear algebra",data analysis,master's degree,3,Data Analyst,651000,1366000
"scripting, ci/cd, linux, docker, git, communication, problem solving, go-to-market strategy","infrastructure, cloud",master's degree,9,DevOps Engineer,1219000,2831000
"pandas, git, presentation skills, debugging, problem solving, product analytics, backlog grooming","data analysis, learning new tools, software craftsmanship",bachelor's degree,0,Machine Learning Engineer,696000,1418000
"javascript, user research, testing, next.js, debugging, html","user experience, interactive web experiences",bachelor's degree,1,Front-End Developer,564000,1278000
"scripting, testing, api design, teamwork, python, documentation","programming, backend systems, coding, interactive web experiences",master's degree,5,Software Engineer,754000,1658000
"performance tuning, testing, data structures, html, git, api design","systems, programming, algorithms",diploma,1,Software Engineer,540000,1119000
"dashboards, roadmap, data visualization, communication, requirements gathering, competitive analysis","teamwork, visualization, analytics",master's degree,6,Business Analyst,744000,1516000
"documentation, tableau, reporting, financial modeling","statistics, analytics, pattern recognition",bachelor's degree,0,Data Analyst,438000,920000
"market analysis, business process improvement, git, stakeholder communication, communication, looker","problem solving, reporting",bachelor's degree,3,Business Analyst,663000,1562000
"teamwork, testing, cloud, critical thinking, linux, api design, docker",cloud,bachelor's degree,1,Back-End Developer,568000,1328000
"testing, documentation, design systems, html, debugging, css, kafka","innovation, design, user experience, web development",bachelor's degree,2,Front-End Developer,499000,1184000
"dashboards, critical thinking, looker, numpy, mlops, xgboost","visualization, data analysis, pattern recognition",phd,0,Data Analyst,391000,874000
"problem solving, design systems, figma, pricing strategy, metrics","problem solving, user experience",diploma,1,UX Designer,473000,957000
"git, api design, design patterns, presentation skills, python, scripting, linear algebra","backend systems, systems",bachelor's degree,10,Software Engineer,1214000,2774000
"requirements gathering, documentation, dashboards, communication","stakeholder collaboration, requirements analysis, analytics",12th pass,11,Business Analyst,922000,1897000
"debugging, code review, git, critical thinking, testing, javascript, scripting","engineering, learning new tools, requirements analysis",master's degree,2,Software Engineer,629000,1398000
"market analysis, teamwork, reporting, presentation skills, qlik","financial analysis, analytics, problem solving, reporting, process improvement, visualization",master's degree,2,Business Analyst,590000,1200000
"agile, dashboards, reporting, data visualization, qlik, presentation skills, etl, linear algebra","learning new tools, pattern recognition, statistics, analytics",bachelor's degree,0,Data Analyst,436000,884000
"personas, communication, presentation skills, agile, reinforcement learning, keras","stakeholder collaboration, customer feedback, customer needs, user research, cloud computing",bachelor's degree,2,Product Manager,821000,1767000
"git, linux, databases, spring boot, authentication, api design, next.js, progressive web apps","backend systems, infrastructure, requirements analysis",bachelor's degree,1,Back-End Developer,605000,1311000
"agile, javascript, figma, user research, computer vision, keras","technology, coding, design, web development",master's degree,5,Front-End Developer,749000,1603000
"data cleaning, critical thinking, dashboards, sql, documentation, deep learning, scikit-learn","statistics, visualization, infrastructure",phd,3,Data Analyst,604000,1441000
"prototyping, figma, css, presentation skills, ui components, communication, debugging, tailwind css, tensorflow","user experience, web performance, usability",bachelor's degree,3,Front-End Developer,564000,1154000
"css, documentation, storybook, user research, postgresql","problem solving, coding, computer vision",bachelor's degree,5,Front-End Developer,714000,1699000
"git, agile, ci/cd, docker, cloud, api design, terraform, pivot tables, qlik",automation,master's degree,1,DevOps Engineer,673000,1429000
"requirements gathering, sql, stakeholder communication, critical thinking, documentation, roadmap, caching, django","innovation, requirements analysis, analytics, automation",bachelor's degree,0,Business Analyst,544000,1116000
"javascript, sass, svelte, presentation skills, prototyping, html, object-oriented design, concurrency","responsive design, coding",master's degree,12,Front-End Developer,1113000,2588000
"api design, algorithms, scripting, javascript, testing, prioritization, competitive analysis","systems, clean code, usability",diploma,1,Software Engineer,619000,1373000
"algorithms, presentation skills, scripting, code review, model deployment, linear algebra","coding, engineering",master's degree,2,Software Engineer,653000,1412000
"git, testing, problem solving, data structures, docker, databases, debugging","learning new tools, engineering, infrastructure, cloud, responsive design",master's degree,10,Back-End Developer,912000,2157000
"critical thinking, testing, ci/cd","teamwork, software craftsmanship, clean code, web development, visual storytelling",bachelor's degree,3,Software Engineer,616000,1253000
"excel, numpy, data cleaning, card sorting","visualization, requirements analysis",master's degree,3,Data Analyst,663000,1571000
"javascript, prototyping, debugging, problem solving","user experience, web development, teamwork, coding, automation",bachelor's degree,0,Front-End Developer,438000,893000
"javascript, debugging, html, svelte, react","programming, technology, algorithms, responsive design",master's degree,1,Software Engineer,681000,1490000
"api design, ci/cd, testing, critical thinking, grafana, databases, documentation, software architecture","site reliability, systems, infrastructure",master's degree,7,DevOps Engineer,985000,2136000
"git, presentation skills, html, problem solving, dax, looker","coding, algorithms, systems, ui development",bachelor's degree,7,Software Engineer,1000000,2219000
"documentation, statistics, pandas, numpy, sql, charts, etl","technology, pattern recognition, statistics, scalability",bachelor's degree,5,Data Analyst,692000,1402000
"debugging, ci/cd, agile, scripting, ui components, angular","clean code, engineering",bachelor's degree,1,Software Engineer,667000,1485000
"presentation skills, refactoring, communication, javascript, testing, algorithms, api design, message queues","backend systems, teamwork",bachelor's degree,8,Software Engineer,1110000,2488000
"unit testing, javascript, git, communication, debugging, financial modeling, process mapping","system design, backend systems, learning new tools",bachelor's degree,1,Software Engineer,604000,1442000
"git, html, problem solving, next.js, css animations","software craftsmanship, coding",master's degree,1,Software Engineer,607000,1364000
"git, pandas, debugging, statistics, algorithms","pattern recognition, teamwork, forecasting",bachelor's degree,1,Machine Learning Engineer,792000,1698000
"hyperparameter tuning, data cleaning, statistics, machine learning, data structures","innovation, pattern recognition, statistics",bachelor's degree,2,Machine Learning Engineer,724000,1593000
"css, documentation, cross-browser testing, html, prototyping, debugging, git, teamwork, card sorting, visual design","web development, innovation, coding, user experience",bachelor's degree,10,Front-End Developer,892000,1896000
"api design, data structures, critical thinking, scripting, problem solving","programming, clean code, software craftsmanship, backend systems, learning new tools",master's degree,1,Software Engineer,582000,1259000
"sharding, problem solving, databases, api design","engineering, system reliability, scalability, infrastructure",phd,4,Back-End Developer,720000,1521000
"docker, ci/cd","cloud, engineering, backend systems",12th pass,14,Back-End Developer,1291000,2921000
"user research, okrs, market analysis, stakeholder management, customer discovery, postgresql, caching","strategy, customer feedback, market fit, user research",master's degree,0,Product Manager,867000,2065000
"scripting, ci/cd, communication, api design, git","systems, web development, backend systems",bachelor's degree,6,Software Engineer,862000,1958000
"api design, mongodb, databases, debugging, documentation, testing, linux, information architecture, usability","backend systems, infrastructure, learning new tools, scalability",bachelor's degree,3,Back-End Developer,661000,1563000
"xgboost, scikit-learn, data cleaning, pandas, communication, critical thinking, git","pattern recognition, teamwork, computer vision, statistics",bachelor's degree,3,Machine Learning Engineer,811000,1937000
"git, code review, javascript, debugging, spring boot","programming, backend systems, innovation, algorithms, ui development",bachelor's degree,10,Software Engineer,978000,2104000
"figma, css, design systems, journey mapping, customer discovery, prototyping, presentation skills","user research, technology, design",phd,7,UX Designer,702000,1543000
"critical thinking, dashboards, machine learning, python, problem solving, incident response","data storytelling, reporting, data analysis, pattern recognition, product strategy",diploma,0,Data Analyst,376000,769000
"git, data structures, api design, design patterns","coding, distributed systems",bachelor's degree,2,Software Engineer,591000,1407000
"documentation, design systems, user research, agile, concurrency","user experience, responsive design, coding, design, forecasting",bachelor's degree,0,Front-End Developer,412000,866000
"customer discovery, css, design systems, figma, prototyping, prometheus, grafana","accessibility, usability, design, customer feedback, user research",bachelor's degree,4,UX Designer,605000,1233000
"critical thinking, documentation, requirements gathering, reporting, pivot tables",strategy,master's degree,10,Business Analyst,881000,1836000
"databases, cloud, teamwork, requirements gathering, risk analysis","cloud, systems, automation",bachelor's degree,0,DevOps Engineer,618000,1453000
"qlik, dashboards, excel, pandas, problem solving, statistics, communication","reporting, statistics, system design",bachelor's degree,2,Data Analyst,468000,961000
"problem solving, tableau, reporting, stakeholder communication","analytics, strategy, innovation",bachelor's degree,3,Business Analyst,586000,1372000
"stakeholder communication, market analysis, tableau, risk analysis, keras","visualization, analytics, strategy, market research",diploma,3,Business Analyst,723000,1523000
"css animations, prototyping, figma, design systems, testing, react, user research","web development, ui development",bachelor's degree,1,Front-End Developer,440000,1046000
"data visualization, charts, tableau, tailwind css, next.js","learning new tools, pattern recognition, growth",bachelor's degree,3,Data Analyst,640000,1395000
"dashboards, teamwork, stakeholder management, requirements gathering","reporting, analytics, stakeholder collaboration, business intelligence",bachelor's degree,5,Business Analyst,751000,1743000
"redux, documentation, design systems, html, problem solving, power bi, google sheets","user experience, responsive design, problem solving",phd,3,Front-End Developer,662000,1571000
"docker, git, api design, linux, scripting","automation, infrastructure, cloud computing, teamwork",bachelor's degree,0,DevOps Engineer,602000,1418000
"keras, problem solving, data cleaning, algorithms, card sorting","teamwork, statistics, programming, data analysis",bachelor's degree,1,Machine Learning Engineer,787000,1821000
"data cleaning, communication, machine learning, debugging, site reliability","innovation, pattern recognition, algorithms, statistics, computer vision, software craftsmanship",bachelor's degree,4,Machine Learning Engineer,985000,2174000
"git, critical thinking, scripting, linux, testing, debugging, design patterns, deep learning, hyperparameter tuning","engineering, systems",bachelor's degree,6,Software Engineer,787000,1788000
"python, numpy, critical thinking, debugging, pandas, data cleaning, grpc, postgresql","teamwork, algorithms, data analysis",master's degree,1,Machine Learning Engineer,637000,1455000
"market analysis, communication, competitive analysis, personas, pricing strategy, customer discovery, stakeholder management","teamwork, user research, customer feedback, stakeholder collaboration, business intelligence",master's degree,3,Product Manager,1056000,2419000
"teamwork, design patterns, testing, scikit-learn, tensorflow",algorithms,bachelor's degree,1,Software Engineer,530000,1081000
"vue, html, figma","user experience, learning new tools, risk management",bachelor's degree,2,Front-End Developer,531000,1082000
"agile, cloud, critical thinking, git, data structures, tensorflow","cloud, engineering, innovation",bachelor's degree,3,Back-End Developer,757000,1810000
"git, communication, testing, databases, kubernetes, api design, business process improvement, business case development","infrastructure, visual storytelling",12th pass,2,DevOps Engineer,698000,1623000
"agile, c#, python, html",automation,master's degree,15,Software Engineer,1219000,2905000
"design patterns, documentation, agile, testing, kubernetes","coding, automation",bachelor's degree,1,Software Engineer,634000,1338000
"html, communication, figma, design systems, css, typescript, risk analysis, process mapping","web development, learning new tools, coding, system design",diploma,0,Front-End Developer,492000,1123000
"databases, debugging, ci/cd, cloud, design patterns",infrastructure,master's degree,0,Back-End Developer,427000,862000
"python, reporting, pivot tables, sql, git, heuristic evaluation","statistics, analytics, kpis",bachelor's degree,2,Data Analyst,597000,1254000
"debugging, algorithms, linear algebra, git, cross-browser testing, ui components","learning new tools, programming, statistics",bachelor's degree,7,Machine Learning Engineer,916000,1842000
"stakeholder communication, documentation, machine learning, git","forecasting, pattern recognition, data analysis, clean code",master's degree,9,Data Analyst,934000,1868000
"data visualization, reporting, excel, critical thinking, documentation, mlops, computer vision","teamwork, strategy, visualization, site reliability",12th pass,4,Business Analyst,617000,1236000
"debugging, data structures, problem solving, critical thinking, use case documentation, risk analysis","programming, technology, algorithms, statistics",bachelor's degree,3,Machine Learning Engineer,799000,1641000
"model evaluation, critical thinking, python, data cleaning, numpy, statistics, data structures, sketch, interaction design","statistics, teamwork, nlp research",bachelor's degree,0,Machine Learning Engineer,632000,1432000
"sketch, documentation, problem solving, figma, design systems, vlookup","user research, user experience, design, cloud computing",diploma,1,UX Designer,526000,1164000
"linux, cloud","backend systems, cloud, innovation, financial analysis",master's degree,0,Back-End Developer,439000,1052000
"python, javascript","technology, algorithms, automation, clean code, process improvement",bachelor's degree,1,Software Engineer,572000,1189000
"gap analysis, excel, workflow automation, tableau","learning new tools, reporting, analytics",master's degree,5,Business Analyst,678000,1552000
"roadmap, agile, market analysis, sql","reporting, visualization, market fit",bachelor's degree,9,Business Analyst,865000,2052000
"concurrency, api design, presentation skills, documentation, git","coding, software craftsmanship, algorithms, systems",diploma,3,Software Engineer,797000,1873000
"scripting, grafana, git, teamwork, testing, databases, docker, typescript","cloud, learning new tools",phd,0,DevOps Engineer,558000,1189000
"numpy, algorithms, git, statistics, data cleaning, agile, prometheus","algorithms, teamwork, pattern recognition",diploma,1,Machine Learning Engineer,747000,1758000
"market analysis, communication, dashboards, agile, node.js, caching",stakeholder collaboration,diploma,12,Business Analyst,1258000,2888000
"design patterns, api design, problem solving, ci/cd, documentation","backend systems, innovation, system design",diploma,9,Software Engineer,1034000,2300000
"html, data structures, api design, linux, python","coding, web development, technology, algorithms",bachelor's degree,2,Software Engineer,633000,1280000
"teamwork, ci/cd, python, api design, html, backlog grooming, metrics","coding, web development, algorithms, innovation, model optimization",master's degree,10,Software Engineer,1073000,2165000
"communication, critical thinking, ci/cd, linux","clean code, algorithms, engineering, interactive web experiences",bachelor's degree,3,Software Engineer,668000,1592000
"pandas, excel, numpy, typescript","forecasting, visualization, dashboards, infrastructure",bachelor's degree,5,Data Analyst,669000,1389000
"api design, html, scripting, concurrency, git, javascript","software craftsmanship, system design, algorithms, teamwork, infrastructure",bachelor's degree,15,Software Engineer,1485000,2988000
"pandas, machine learning, numpy, communication, statistics, computer vision","programming, predictive modeling, visual storytelling",bachelor's degree,6,Machine Learning Engineer,1052000,2441000
"personas, product analytics, stakeholder management, market analysis, pytorch","user research, innovation, stakeholder collaboration, strategy, clean code",bachelor's degree,10,Product Manager,1400000,3052000
"debugging, ci/cd, ansible, prometheus",automation,diploma,2,Software Engineer,668000,1350000
"ci/cd, refactoring, html, design patterns, critical thinking, python","systems, software craftsmanship, backend systems, automation",master's degree,6,Software Engineer,951000,1983000
"git, design patterns, authentication, linux, use case documentation, process mapping","backend systems, infrastructure",bachelor's degree,3,Back-End Developer,616000,1412000
"design systems, documentation, testing, prototyping, storybook","learning new tools, coding, web development, user experience, interactive web experiences, growth",diploma,4,Front-End Developer,685000,1452000
"python, problem solving, design patterns, angular","programming, teamwork, systems, engineering, system design",master's degree,3,Software Engineer,653000,1470000
"algorithms, design patterns, git, linux, competitive analysis, prioritization","programming, engineering",master's degree,2,Software Engineer,723000,1559000
"cloud, linux, git, documentation, docker, api design, critical thinking, angular, storybook","infrastructure, automation, learning new tools",phd,1,DevOps Engineer,650000,1370000
"teamwork, statistics, presentation skills, data visualization, charts, okrs","pattern recognition, analytics, learning new tools, business intelligence, reporting",master's degree,2,Data Analyst,606000,1395000
"git, scripting, api design, documentation, cloud, databases, terraform","innovation, automation, systems, accessibility",bachelor's degree,6,DevOps Engineer,965000,2147000
"docker, data structures, cloud, testing, ci/cd, performance tuning","cloud, problem solving, accessibility",master's degree,4,Back-End Developer,742000,1590000
"git, linux, algorithms, scripting, performance tuning, competitive analysis",coding,bachelor's degree,5,Software Engineer,826000,1724000
"ci/cd, html, charts, etl","web development, clean code, systems, kpis",phd,10,Software Engineer,1256000,2723000
"data warehousing, teamwork, dax, numpy, data visualization, xgboost, scikit-learn","pattern recognition, business intelligence, human-centered design",master's degree,5,Data Analyst,707000,1454000
"algorithms, tensorflow, debugging, data cleaning, statistics, information architecture","algorithms, statistics, pattern recognition, api design",bachelor's degree,4,Machine Learning Engineer,879000,1886000
"data structures, git, agile, linux, databases, c++, performance tuning","cloud, infrastructure, learning new tools, human-centered design",master's degree,12,Back-End Developer,1071000,2473000
"dashboards, problem solving, use case documentation, market analysis, excel, next.js","problem solving, process improvement, analytics, stakeholder collaboration, reporting, cloud computing",12th pass,2,Business Analyst,567000,1346000
"ci/cd, problem solving, presentation skills, algorithms, javascript, pivot tables",programming,phd,10,Software Engineer,1224000,2873000
"figma, css, user research, customer discovery, prototyping, mongodb","learning new tools, design",master's degree,1,UX Designer,435000,1027000
"agile, testing, prototyping, css animations, git","design, web development, user experience, learning new tools, nlp research",bachelor's degree,6,Front-End Developer,749000,1587000
"pandas, python, teamwork, data structures, git, logging systems","model optimization, pattern recognition, technology",master's degree,1,Machine Learning Engineer,705000,1506000
"git, algorithms, debugging, api design, ci/cd, agile, helm, kubernetes","programming, learning new tools, coding, engineering",master's degree,1,Software Engineer,610000,1408000
"agile, python, problem solving, excel, product strategy, competitive analysis","data analysis, dashboards, analytics, teamwork",phd,8,Data Analyst,842000,1807000
"algorithms, testing, teamwork, design critique, heuristic evaluation","software craftsmanship, algorithms, product strategy",12th pass,5,Software Engineer,705000,1640000
"personas, teamwork, market analysis, roadmap","customer feedback, technology, strategy, stakeholder collaboration",bachelor's degree,1,Product Manager,922000,2178000
"debugging, data structures, algorithms, google sheets, kpis","computer vision, data analysis",diploma,1,Machine Learning Engineer,643000,1329000
"documentation, problem solving, linux, testing, svelte, ui components","learning new tools, infrastructure, backend systems, financial analysis",bachelor's degree,4,Back-End Developer,724000,1634000
"okrs, market analysis, user research, requirements gathering, stakeholder management, roadmap","learning new tools, customer feedback, strategy, stakeholder collaboration, clean code",bachelor's degree,2,Product Manager,871000,2048000
"documentation, databases, testing, git, helm, ci/cd","infrastructure, cloud, systems",phd,7,DevOps Engineer,1105000,2212000
"teamwork, scripting, linux, cloud, presentation skills, helm, linear algebra, keras","systems, cloud",phd,5,DevOps Engineer,771000,1575000
"design systems, javascript, css, figma, prototyping",coding,bachelor's degree,10,Front-End Developer,1092000,2287000
"ci/cd, presentation skills, git, api design, gap analysis, business process improvement","technology, cloud, infrastructure, engineering, growth",bachelor's degree,1,Back-End Developer,586000,1239000
"excel, agile, data visualization, dashboards, python, numpy, competitive analysis","statistics, analytics, technology, software craftsmanship",master's degree,9,Data Analyst,1051000,2369000
"design patterns, api design, debugging, mongodb, sharding","programming, coding, problem solving, backend systems",diploma,9,Software Engineer,905000,1864000
"data structures, agile, linux, python, testing, algorithms, css animations","technology, algorithms, clean code, automation",phd,1,Software Engineer,546000,1285000
"statistics, git","programming, data analysis",diploma,10,Machine Learning Engineer,1362000,2778000
"design patterns, data structures, algorithms, critical thinking, scripting, ci/cd, hyperparameter tuning","programming, software craftsmanship",bachelor's degree,6,Software Engineer,782000,1700000
"documentation, cloud, api design, financial modeling, business case development","automation, systems, site reliability",bachelor's degree,13,DevOps Engineer,1395000,3058000
"javascript, critical thinking, documentation, git, prototyping, testing, sketch, card sorting","user experience, web development, coding, responsive design",bachelor's degree,6,Front-End Developer,873000,1908000
"algorithms, concurrency, debugging, linux, javascript, logging systems, ansible","web development, software craftsmanship, systems",bachelor's degree,3,Software Engineer,726000,1604000
"critical thinking, scripting, documentation, api design, git, databases","teamwork, infrastructure, automation",bachelor's degree,6,DevOps Engineer,870000,2054000
"git, linux, teamwork, ci/cd, scripting, metrics","clean code, system design, problem solving, algorithms",diploma,0,Software Engineer,552000,1149000
"software architecture, debugging, design patterns, javascript, information architecture, visual design","clean code, software craftsmanship, technology, coding, dashboards",bachelor's degree,1,Software Engineer,557000,1233000
"figma, design critique, user research, heuristic evaluation, backlog grooming, pricing strategy","human-centered design, technology, user experience, customer feedback",bachelor's degree,7,UX Designer,851000,1866000
"critical thinking, linux, communication, cloud","automation, cloud, interactive web experiences",bachelor's degree,12,DevOps Engineer,1087000,2493000
"machine learning, stakeholder communication, git, agile, sql, python, pandas, message queues, django","pattern recognition, statistics, forecasting, clean code",master's degree,1,Data Analyst,462000,1087000
"design systems, testing, git, spring boot, redis","design, interactive web experiences, coding",master's degree,9,Front-End Developer,924000,1893000
"documentation, roadmap, git, market analysis, mlops","strategy, customer feedback, stakeholder collaboration",bachelor's degree,4,Product Manager,873000,2039000
"presentation skills, stakeholder communication, requirements gathering, dax, looker","reporting, teamwork, analytics",12th pass,1,Business Analyst,562000,1319000
"ci/cd, scripting, documentation, problem solving, unit testing, api design","algorithms, engineering, automation, innovation, system reliability",bachelor's degree,1,Software Engineer,533000,1147000
"teamwork, customer discovery, design systems, css, figma, terraform, logging systems","technology, design, user research, human-centered design, customer feedback",master's degree,6,UX Designer,730000,1550000
"javascript, c#, linux, api design, scripting, object-oriented design, nlp, reinforcement learning","algorithms, clean code, automation",bachelor's degree,4,Software Engineer,734000,1476000
"agile, algorithms, pandas, git, python, postgresql, sharding","data analysis, nlp research, statistics, predictive modeling, cloud computing",master's degree,10,Machine Learning Engineer,1076000,2258000
"communication, debugging, problem solving, figma, c#, concurrency","technology, user experience, responsive design",master's degree,6,Front-End Developer,673000,1434000
"reporting, critical thinking, market analysis, communication, dashboards, agile, incident response, site reliability","stakeholder collaboration, cloud computing",bachelor's degree,9,Business Analyst,1013000,2044000
"statistics, data cleaning, git, machine learning, scikit-learn, numpy, use case documentation, stakeholder interviews","pattern recognition, programming, algorithms, dashboards",phd,7,Machine Learning Engineer,898000,2004000
"figma, teamwork, design systems, css, communication, mlops, xgboost","design, coding, distributed systems",master's degree,2,Front-End Developer,621000,1323000
"teamwork, data structures, xgboost, model deployment, critical thinking, debugging, statistics","problem solving, data analysis, statistics",diploma,6,Machine Learning Engineer,1103000,2519000
"pandas, statistics, reinforcement learning, tensorflow, helm, terraform","pattern recognition, statistics, learning new tools, programming",bachelor's degree,0,Machine Learning Engineer,565000,1233000
"testing, linux, prometheus, git, scripting, ci/cd, presentation skills","technology, infrastructure, automation, computer vision",bachelor's degree,3,DevOps Engineer,794000,1692000
"risk analysis, communication, agile, critical thinking, sql, financial modeling, authentication, message queues","stakeholder collaboration, visualization, problem solving",bachelor's degree,4,Business Analyst,709000,1446000
"stakeholder communication, machine learning, regression analysis, pandas, python, excel, teamwork, product strategy, backlog grooming","kpis, visualization",bachelor's degree,0,Data Analyst,433000,992000
"user research, market analysis, customer discovery, personas, teamwork, critical thinking","learning new tools, user research, stakeholder collaboration",bachelor's degree,3,Product Manager,1064000,2509000
"api design, databases, stakeholder interviews","systems, learning new tools, site reliability, infrastructure, computer vision",bachelor's degree,1,DevOps Engineer,692000,1471000
"ci/cd, linux, object-oriented design, scripting","programming, learning new tools, software craftsmanship, visual storytelling",diploma,15,Software Engineer,1536000,3448000
"testing, git, figma, caching","web development, forecasting",phd,15,Front-End Developer,1363000,3044000
"git, algorithms, statistics, agile, deep learning","statistics, nlp research",bachelor's degree,13,Machine Learning Engineer,1355000,3058000
"data structures, testing, design patterns, linux, docker, ansible","cloud, api design, product strategy",bachelor's degree,0,Back-End Developer,521000,1087000
"javascript, agile, debugging, data structures, scripting, gap analysis, workflow automation","teamwork, automation, engineering",bachelor's degree,4,Software Engineer,701000,1553000
"presentation skills, ci/cd, design patterns","infrastructure, backend systems, automation",diploma,4,Back-End Developer,711000,1537000
"problem solving, communication, excel, reporting, market analysis, tableau, looker","process improvement, analytics, risk management",phd,3,Business Analyst,649000,1385000
"html, teamwork, python, javascript, testing, performance tuning, scripting, logging systems, monitoring","algorithms, programming, cloud computing",diploma,2,Software Engineer,643000,1300000
"git, python, debugging, linux, api design, interaction design","programming, engineering",master's degree,4,Software Engineer,662000,1483000
"data cleaning, git, critical thinking, model evaluation, mlops, redux","statistics, data analysis, programming, nlp research, financial analysis",bachelor's degree,1,Machine Learning Engineer,719000,1565000
"sql, reporting, tableau, data visualization, google sheets, statistics, product analytics, product strategy","data storytelling, statistics, technology, data analysis, api design",12th pass,15,Data Analyst,1137000,2510000
"stakeholder management, critical thinking, stakeholder communication, reporting, unit testing, concurrency","stakeholder collaboration, analytics, strategy, predictive modeling",bachelor's degree,3,Business Analyst,617000,1368000
"roadmap, requirements gathering, customer discovery, market analysis, personas, model evaluation, mlops","stakeholder collaboration, technology",bachelor's degree,3,Product Manager,888000,1853000
"tableau, stakeholder communication, stakeholder management","analytics, visualization",master's degree,3,Business Analyst,668000,1464000
"cloud, testing, linux, prometheus, docker","cloud computing, systems, distributed systems",bachelor's degree,0,DevOps Engineer,647000,1447000
"critical thinking, machine learning, teamwork, numpy, data structures, terraform, networking","data analysis, computer vision, software craftsmanship",diploma,2,Machine Learning Engineer,669000,1536000
"javascript, object-oriented design, api design, linux, testing, python, market research, regression analysis","engineering, automation, problem solving, interactive web experiences",bachelor's degree,10,Software Engineer,986000,2084000
"market research, pandas, excel, stakeholder communication, critical thinking, statistics","business intelligence, visualization, kpis",master's degree,5,Data Analyst,778000,1728000
"user research, html, git, javascript, debugging","coding, user experience",bachelor's degree,0,Front-End Developer,412000,884000
"git, agile, javascript, testing, vue","clean code, systems",bachelor's degree,0,Software Engineer,493000,1174000
"ci/cd, data structures, testing, git, problem solving, database indexing, linux, critical thinking","innovation, engineering, infrastructure, backend systems",diploma,4,Back-End Developer,787000,1594000
"git, teamwork, numpy, dashboards, stakeholder interviews","analytics, technology",bachelor's degree,5,Data Analyst,778000,1609000
"testing, ci/cd, api design, git, node.js, databases, business process improvement","backend systems, api design, scalability, engineering, customer needs",bachelor's degree,1,Back-End Developer,508000,1131000
"ci/cd, testing, cloud, design patterns, code review, performance tuning","system reliability, teamwork, infrastructure, backend systems, cloud, api design",bachelor's degree,7,Back-End Developer,813000,1739000
"ci/cd, presentation skills, api design","infrastructure, site reliability, learning new tools, risk management",master's degree,15,DevOps Engineer,1493000,3417000
"tensorflow, data cleaning, machine learning, requirements gathering, risk analysis","statistics, technology, nlp research, data analysis, model optimization",diploma,4,Machine Learning Engineer,930000,2043000
"documentation, critical thinking, looker, data cleaning, numpy","reporting, innovation, analytics, interactive web experiences",bachelor's degree,2,Data Analyst,579000,1358000
"personas, figma, design systems, user research, critical thinking, prototyping","problem solving, user experience, accessibility, customer feedback, api design",bachelor's degree,6,UX Designer,857000,1961000
"cloud, ci/cd, api design, debugging, design patterns","engineering, technology, infrastructure, cloud, software craftsmanship",master's degree,0,Back-End Developer,437000,923000
"data cleaning, sql, css animations, angular","reporting, technology, financial analysis",bachelor's degree,3,Data Analyst,584000,1221000
"user research, javascript, figma, css, html","user experience, web development, technology",bachelor's degree,1,Front-End Developer,505000,1077000
"communication, presentation skills, git, stakeholder management, backlog grooming, market analysis, personas, customer discovery","market fit, customer feedback, user research, technology, stakeholder collaboration, distributed systems",12th pass,5,Product Manager,1177000,2712000
"git, api design, debugging, databases, node.js, performance tuning","infrastructure, engineering, backend systems, growth",master's degree,0,Back-End Developer,466000,1044000
"debugging, figma, django","user experience, human-centered design",diploma,6,Front-End Developer,862000,1965000
"market research, communication, sql, critical thinking, reporting, stakeholder communication, statistics, stakeholder interviews, business case development",pattern recognition,master's degree,0,Data Analyst,394000,810000
"html, debugging, problem solving, user research, testing, go-to-market strategy","problem solving, coding, web performance, ui development, model optimization",diploma,0,Front-End Developer,480000,1104000
"customer discovery, stakeholder management, communication, critical thinking, metrics, market analysis, personas","technology, strategy, user research, product strategy, customer feedback, ui development",bachelor's degree,1,Product Manager,772000,1600000
"stakeholder management, tableau","stakeholder collaboration, visualization, strategy, teamwork, responsive design",master's degree,7,Business Analyst,938000,2188000
"statistics, pandas, machine learning, data cleaning, git, terraform, helm","statistics, artificial intelligence, programming, algorithms, market fit",master's degree,2,Machine Learning Engineer,666000,1463000
"dashboards, data visualization, communication, computer vision, pytorch","statistics, teamwork, automation",phd,1,Data Analyst,539000,1275000
"sass, debugging, prototyping",coding,bachelor's degree,0,Front-End Developer,436000,986000
"communication, stakeholder management, postgresql, kafka","visualization, stakeholder collaboration, analytics, risk management",master's degree,1,Business Analyst,597000,1286000
"excel, dashboards, statistics, data visualization, data cleaning, typescript, sass","data analysis, kpis, teamwork, forecasting",master's degree,12,Data Analyst,953000,2077000
"cloud, databases, api design, testing, business process improvement, business case development","engineering, infrastructure, backend systems",master's degree,10,Back-End Developer,902000,1860000
"css, user research, debugging, javascript, figma, git, agile, code review, unit testing","design, web development, learning new tools, coding, api design",bachelor's degree,0,Front-End Developer,515000,1212000
"git, css, figma, testing, user research, workflow automation, business case development","teamwork, web development, system reliability",bachelor's degree,1,Front-End Developer,455000,1005000
"critical thinking, machine learning, presentation skills, algorithms, stakeholder interviews, risk analysis","teamwork, programming, api design",phd,3,Machine Learning Engineer,806000,1620000
"databases, debugging, design patterns, docker, cloud, information architecture, design critique","technology, infrastructure, predictive modeling",bachelor's degree,6,Back-End Developer,892000,2140000
"card sorting, documentation, presentation skills, css, design systems, caching","innovation, user research",bachelor's degree,15,UX Designer,1429000,3398000
"critical thinking, problem solving, dashboards, stakeholder management, model evaluation, linear algebra","technology, reporting, stakeholder collaboration",master's degree,7,Business Analyst,790000,1840000
"communication, sql, market analysis, data visualization, critical thinking","strategy, artificial intelligence",bachelor's degree,7,Business Analyst,791000,1593000
"linux, presentation skills, critical thinking, testing, visual design","automation, cloud, infrastructure, market fit",master's degree,3,DevOps Engineer,787000,1879000
"requirements gathering, problem solving, personas, teamwork, user research, financial modeling, business case development","stakeholder collaboration, product strategy, user research, technology, customer feedback",phd,3,Product Manager,1104000,2220000
"testing, cloud, competitive analysis","engineering, infrastructure, system reliability, kpis",master's degree,7,Back-End Developer,914000,1834000
"testing, git, debugging, algorithms, problem solving, tailwind css","backend systems, learning new tools, requirements analysis",master's degree,1,Software Engineer,645000,1418000
"debugging, databases, ci/cd, okrs, product strategy","cloud, infrastructure, risk management",bachelor's degree,11,Back-End Developer,1190000,2617000
"algorithms, git, statistics, machine learning, problem solving, python","programming, problem solving, web performance",phd,0,Machine Learning Engineer,609000,1385000
"testing, debugging, presentation skills, product strategy","responsive design, web development, design",diploma,1,Front-End Developer,553000,1135000
"requirements gathering, git, roadmap","customer feedback, user research, stakeholder collaboration",bachelor's degree,6,Product Manager,1276000,2786000
"agile, debugging, html, api design","systems, automation",diploma,1,Software Engineer,605000,1284000
"git, problem solving, javascript, scripting","automation, system design",bachelor's degree,2,Software Engineer,642000,1399000
"git, debugging, data cleaning, machine learning, data structures, pandas","data analysis, computer vision, software craftsmanship",bachelor's degree,0,Machine Learning Engineer,623000,1452000
"cloud, problem solving, teamwork, api design, concurrency","api design, engineering, problem solving",master's degree,2,Back-End Developer,688000,1399000
"presentation skills, documentation, git, terraform, ci/cd, design critique, sketch","automation, cloud, systems, accessibility",bachelor's degree,1,DevOps Engineer,680000,1596000
"testing, documentation, linux, design patterns","engineering, innovation, backend systems, process improvement",master's degree,2,Back-End Developer,648000,1376000
"numpy, teamwork, market research, pandas, tableau, statistics, communication, interaction design, usability","analytics, software craftsmanship",bachelor's degree,3,Data Analyst,563000,1126000
"personas, stakeholder management, user research, roadmap, agile, documentation, prioritization, requirements gathering","customer feedback, learning new tools, business intelligence",diploma,5,Product Manager,930000,2083000
"excel, python, problem solving, data storytelling","visualization, data analysis, statistics, visual storytelling",phd,2,Data Analyst,491000,1072000
"tableau, reporting, presentation skills, sql, teamwork","analytics, api design",diploma,8,Data Analyst,751000,1794000
"data structures, git, communication","computer vision, pattern recognition, programming",bachelor's degree,1,Machine Learning Engineer,687000,1641000
"critical thinking, design patterns, cloud, data structures, git, linux, django, site reliability","engineering, innovation, infrastructure",master's degree,6,Back-End Developer,945000,2187000
"agile, debugging, problem solving, api design, databases, google sheets, kpis","teamwork, engineering, distributed systems, cloud, dashboards",bachelor's degree,13,Back-End Developer,1386000,3167000
"user research, css, documentation, git, requirements gathering, gap analysis","visual storytelling, customer feedback, user experience",12th pass,3,UX Designer,678000,1550000
"data storytelling, presentation skills, pandas, numpy, communication, c++, object-oriented design","pattern recognition, problem solving",bachelor's degree,2,Data Analyst,587000,1265000
"communication, requirements gathering, workflow automation, data visualization, vue","reporting, strategy, innovation, requirements analysis, stakeholder collaboration, human-centered design",bachelor's degree,1,Business Analyst,506000,1197000
"risk analysis, data visualization, roadmap, dax, pivot tables","stakeholder collaboration, strategy, api design",bachelor's degree,10,Business Analyst,1085000,2424000
"css, figma, javascript, debugging, git, teamwork","design, user experience, innovation",12th pass,2,Front-End Developer,587000,1321000
"data structures, api design, testing, sketch","engineering, coding, automation",bachelor's degree,4,Software Engineer,851000,1870000
"documentation, problem solving, debugging, algorithms, xgboost, use case documentation","algorithms, statistics, model optimization, business intelligence",12th pass,6,Machine Learning Engineer,851000,1919000
"presentation skills, api design, design patterns, git, python, critical thinking","coding, responsive design",master's degree,2,Software Engineer,675000,1567000
"prototyping, git, debugging","web performance, ui development, design, learning new tools",diploma,5,Front-End Developer,833000,1816000
"javascript, concurrency, design patterns, linux, critical thinking, refactoring, presentation skills, ci/cd","technology, system design, web development",master's degree,2,Software Engineer,579000,1243000
"personas, user research, card sorting, prototyping, css, model deployment","user experience, problem solving, visual storytelling, interactive web experiences",bachelor's degree,1,UX Designer,470000,1094000
"cloud, agile, teamwork, testing, ci/cd, linux","distributed systems, engineering",bachelor's degree,1,Back-End Developer,500000,1103000
"stakeholder management, market analysis, reporting, problem solving, git","learning new tools, strategy",bachelor's degree,5,Business Analyst,782000,1713000
"problem solving, debugging, pandas, algorithms, sharding, authentication","pattern recognition, data analysis, algorithms, predictive modeling",bachelor's degree,9,Machine Learning Engineer,1134000,2561000
"python, data structures, numpy, machine learning, teamwork, presentation skills, pandas","teamwork, statistics",bachelor's degree,1,Machine Learning Engineer,677000,1487000
"figma, agile, personas, critical thinking, design systems, css, customer discovery, journey mapping, prioritization, go-to-market strategy","human-centered design, usability, design, user experience, customer feedback",phd,3,UX Designer,577000,1182000
"user research, customer discovery, design systems, critical thinking, css, git, prototyping","customer feedback, user research, user experience",phd,1,UX Designer,539000,1283000
"critical thinking, excel, git, data visualization, google sheets, mlops, reinforcement learning","data analysis, technology, reporting",bachelor's degree,8,Data Analyst,794000,1843000
"data visualization, excel, power bi, numpy, pandas, vlookup","pattern recognition, infrastructure",bachelor's degree,3,Data Analyst,534000,1115000
"linux, data structures, scripting, agile, site reliability","programming, systems, coding, human-centered design",master's degree,3,Software Engineer,816000,1656000
"problem solving, debugging, python, algorithms, pivot tables, vlookup","statistics, algorithms, problem solving",master's degree,1,Machine Learning Engineer,681000,1459000
"roadmap, market analysis, stakeholder management, customer discovery, user research, heuristic evaluation, information architecture","customer feedback, stakeholder collaboration, growth, teamwork",phd,1,Product Manager,921000,1950000
"debugging, api design, critical thinking, problem solving, linux, pricing strategy, competitive analysis","engineering, distributed systems, teamwork",bachelor's degree,3,Back-End Developer,689000,1505000
"ci/cd, c#, design patterns, debugging, pricing strategy, product analytics","coding, web development, algorithms, learning new tools, clean code",bachelor's degree,0,Software Engineer,550000,1201000
"reporting, sql, business case development, presentation skills, deep learning","stakeholder collaboration, visualization, problem solving, artificial intelligence",master's degree,1,Business Analyst,479000,1106000
"linux, docker, databases, git, presentation skills, journey mapping, sketch",engineering,diploma,6,Back-End Developer,774000,1767000
"kpis, statistics, data cleaning, sql, dax, code review, refactoring","visualization, market research, data analysis",12th pass,3,Data Analyst,566000,1171000
"api design, databases, testing, communication, agile, cloud, hyperparameter tuning, reinforcement learning","engineering, system reliability, cloud",bachelor's degree,10,Back-End Developer,1165000,2699000
"communication, critical thinking, pandas, debugging, numpy, c#, unit testing","programming, algorithms, pattern recognition",bachelor's degree,3,Machine Learning Engineer,871000,1921000
"agile, data cleaning, documentation, data structures, algorithms, product analytics, okrs","algorithms, pattern recognition, programming, kpis",bachelor's degree,4,Machine Learning Engineer,758000,1581000
"presentation skills, git, design systems, testing, javascript, css, computer vision, linear algebra","coding, user experience, market fit",master's degree,1,Front-End Developer,480000,1016000
"javascript, teamwork, figma, html, documentation, financial modeling, business process improvement","design, problem solving, web performance, user experience, web development, responsive design",master's degree,3,Front-End Developer,673000,1371000
"teamwork, testing, html, css, agile","web development, innovation, user experience",diploma,4,Front-End Developer,747000,1643000
"api design, git, html, design patterns, ci/cd, presentation skills, algorithms, product strategy, product analytics","web development, system design, algorithms, backend systems, market research",diploma,1,Software Engineer,683000,1606000
"design systems, html, css, prototyping, figma, problem solving, message queues","technology, coding, user experience, accessibility",bachelor's degree,6,Front-End Developer,711000,1669000
"git, linux, testing, api design, grafana, incident response, docker","innovation, automation, cloud, site reliability",bachelor's degree,11,DevOps Engineer,1246000,2513000
"python, git, pytorch, presentation skills, information architecture","computer vision, programming",bachelor's degree,0,Machine Learning Engineer,744000,1636000
"excel, stakeholder management, communication, stakeholder communication, tableau","reporting, analytics, risk management, visualization, growth",bachelor's degree,0,Business Analyst,453000,912000
"cloud, problem solving, ci/cd, docker, testing, git, critical thinking, model evaluation, linear algebra","infrastructure, teamwork, software craftsmanship",bachelor's degree,3,DevOps Engineer,784000,1621000
"documentation, communication, design patterns, api design, docker, git, sketch, information architecture","engineering, infrastructure, accessibility",bachelor's degree,9,Back-End Developer,1102000,2208000
"problem solving, data cleaning, python, machine learning, pandas, model deployment, numpy, data warehousing","statistics, data analysis, pattern recognition, technology, ui development",master's degree,2,Machine Learning Engineer,683000,1403000
"api design, git, communication, debugging, html, linux, documentation, interaction design, information architecture",web development,diploma,3,Software Engineer,626000,1338000
"databases, ci/cd, docker, testing, agile, xgboost, model deployment","systems, automation, cloud",diploma,2,DevOps Engineer,813000,1645000
"figma, svelte, user research, agile, css, metrics, okrs","web development, coding, interactive web experiences, web performance, user experience",master's degree,5,Front-End Developer,830000,1709000
"statistics, data cleaning, deep learning, git, machine learning, agile, python, teamwork","data analysis, computer vision, innovation",bachelor's degree,3,Machine Learning Engineer,834000,1695000
"deep learning, python, pandas, numpy, data structures, debugging","nlp research, predictive modeling, statistics, algorithms, risk management",bachelor's degree,4,Machine Learning Engineer,981000,2064000
"design patterns, debugging, git, mongodb, communication, linux","infrastructure, learning new tools, cloud",bachelor's degree,1,Back-End Developer,484000,1128000
"git, debugging, teamwork, caching, card sorting, information architecture","cloud, backend systems, infrastructure",bachelor's degree,7,Back-End Developer,907000,1871000
"numpy, data cleaning, algorithms, git, statistics","teamwork, programming",12th pass,1,Machine Learning Engineer,601000,1385000
"git, roadmap, excel, communication, business process improvement, dashboards","teamwork, strategy, visualization, accessibility",bachelor's degree,2,Business Analyst,611000,1236000
"teamwork, user research, personas, problem solving, design systems, css, tailwind css, progressive web apps","human-centered design, customer feedback, usability",bachelor's degree,8,UX Designer,914000,1913000
"requirements gathering, process mapping, roadmap, excel","requirements analysis, strategy, analytics, problem solving",master's degree,8,Business Analyst,859000,1842000
"data structures, debugging, docker, ci/cd, progressive web apps, vue","infrastructure, cloud, engineering",master's degree,0,Back-End Developer,473000,1006000
"okrs, market analysis, roadmap, communication, process mapping","learning new tools, strategy, customer needs",bachelor's degree,10,Product Manager,1229000,2581000
"debugging, ci/cd, databases, django, teamwork, okrs, go-to-market strategy","teamwork, cloud, engineering",master's degree,0,Back-End Developer,526000,1143000
"storybook, javascript, git",web development,bachelor's degree,4,Front-End Developer,604000,1377000
"testing, design systems, html, css, documentation, node.js","coding, problem solving, design",master's degree,14,Front-End Developer,1328000,2663000
"data visualization, looker, sql","teamwork, reporting, data analysis, growth",master's degree,1,Data Analyst,506000,1124000
"git, problem solving, software architecture, algorithms, go-to-market strategy","web development, algorithms, systems, clean code",bachelor's degree,3,Software Engineer,741000,1582000
"ci/cd, javascript, software architecture, progressive web apps, ui components","teamwork, clean code, backend systems, automation",diploma,3,Software Engineer,710000,1601000
"stakeholder communication, statistics, communication, logging systems","analytics, kpis, statistics, data analysis, customer needs",bachelor's degree,3,Data Analyst,543000,1252000
"tableau, data visualization, python, pandas, xgboost","data analysis, data storytelling",master's degree,0,Data Analyst,400000,876000
"html, testing, communication, charts","web development, teamwork",bachelor's degree,4,Software Engineer,666000,1371000
"critical thinking, statistics, communication, machine learning, business case development","algorithms, pattern recognition, risk management",diploma,6,Machine Learning Engineer,1072000,2159000
"design systems, critical thinking, prototyping, user research, customer discovery, caching","design, teamwork",bachelor's degree,3,UX Designer,680000,1524000
"problem solving, business case development, process mapping, tableau, requirements gathering, market analysis, communication, stakeholder communication","analytics, cloud computing",bachelor's degree,10,Business Analyst,1155000,2647000
"roadmap, market analysis, communication, documentation, requirements gathering, personas, typescript, next.js","user research, stakeholder collaboration, customer needs, forecasting",diploma,6,Product Manager,1125000,2348000
"prototyping, html, problem solving, javascript, design systems","web performance, coding, api design",master's degree,6,Front-End Developer,701000,1468000
"html, algorithms, design patterns, teamwork, site reliability","software craftsmanship, clean code, programming, algorithms, automation",bachelor's degree,3,Software Engineer,754000,1750000
"design patterns, debugging, testing, databases, ci/cd","infrastructure, engineering",bachelor's degree,1,Back-End Developer,494000,1068000
"requirements gathering, data visualization, documentation, reporting, market analysis, stakeholder interviews","problem solving, stakeholder collaboration",bachelor's degree,0,Business Analyst,520000,1046000
"sketch, presentation skills, personas, css, agile","problem solving, user research, design, customer feedback, customer needs",bachelor's degree,8,UX Designer,801000,1724000
"agile, javascript, html, api design, git, testing, python, google sheets, vlookup","software craftsmanship, backend systems, technology, api design",master's degree,10,Software Engineer,1006000,2293000
"problem solving, html, testing","programming, coding, engineering, web performance",master's degree,1,Software Engineer,573000,1179000
"dashboards, agile, stakeholder management, business process improvement, reporting","visualization, computer vision",diploma,7,Business Analyst,975000,2225000
"documentation, debugging, testing, javascript, design patterns","web development, ui development, responsive design, human-centered design",bachelor's degree,3,Front-End Developer,689000,1383000
"communication, stakeholder management, personas, customer discovery, market analysis, qlik","customer needs, problem solving, user research",12th pass,0,Product Manager,690000,1419000
"stakeholder communication, financial modeling, stakeholder management, communication, nlp","stakeholder collaboration, innovation, analytics",diploma,2,Business Analyst,665000,1408000
"design patterns, testing, databases, linux, cross-browser testing, vue","infrastructure, scalability, backend systems",phd,3,Back-End Developer,682000,1404000
"communication, requirements gathering, user research, incident response, kubernetes","stakeholder collaboration, customer feedback, problem solving, user research",12th pass,6,Product Manager,1074000,2171000
"design systems, prototyping, react, communication, user research, problem solving, product analytics",user experience,bachelor's degree,2,Front-End Developer,630000,1409000
"debugging, communication, python, teamwork","learning new tools, engineering, automation",master's degree,6,Software Engineer,846000,1751000
"sharding, debugging, testing, api design, data structures, design patterns","teamwork, cloud, backend systems, engineering, ui development",master's degree,3,Back-End Developer,737000,1489000
"data cleaning, stakeholder communication, sql, tableau, etl, deep learning",visualization,bachelor's degree,4,Data Analyst,635000,1321000
"debugging, communication, teamwork, prototyping, testing","design, coding, web development",12th pass,3,Front-End Developer,665000,1507000
"html, problem solving, teamwork, javascript, git, prototyping, css","user experience, web performance, web development, learning new tools",bachelor's degree,0,Front-End Developer,393000,905000
"teamwork, roadmap, market analysis, stakeholder management, personas, customer discovery, reinforcement learning, model deployment",customer feedback,phd,10,Product Manager,1280000,2861000
"design systems, testing, critical thinking, git, javascript, css, process mapping, financial modeling","design, web development, user experience",master's degree,1,Front-End Developer,560000,1263000
"reporting, numpy, data cleaning, python","problem solving, statistics, pattern recognition",bachelor's degree,5,Data Analyst,623000,1438000
"statistics, documentation, debugging, numpy, pandas, redis",statistics,master's degree,6,Machine Learning Engineer,1069000,2248000
"cloud, design patterns, git, testing, stakeholder interviews","backend systems, infrastructure, cloud, ui development",bachelor's degree,3,Back-End Developer,750000,1554000
"excel, tableau, communication, stakeholder communication, software architecture, refactoring","risk management, stakeholder collaboration",bachelor's degree,2,Business Analyst,593000,1188000
"problem solving, debugging, html, regression analysis, charts","user experience, design, coding, problem solving, clean code",master's degree,3,Front-End Developer,634000,1323000
"teamwork, ci/cd, documentation, html, pricing strategy, go-to-market strategy","teamwork, coding, engineering, systems",bachelor's degree,8,Software Engineer,1008000,2256000
"data cleaning, documentation, problem solving, statistics","reporting, statistics, data analysis",master's degree,11,Data Analyst,1071000,2174000
"git, user research, visual design, teamwork, figma","customer feedback, user research, distributed systems",diploma,7,UX Designer,744000,1589000
"cloud, node.js, debugging, agile, data structures, problem solving, ci/cd, message queues",engineering,bachelor's degree,3,Back-End Developer,657000,1369000
"prototyping, debugging, concurrency, unit testing","coding, web performance, web development, user experience, ui development, technology",master's degree,3,Front-End Developer,548000,1105000
"prototyping, personas, design systems, communication, pytorch, computer vision","user experience, customer feedback, design, software craftsmanship",bachelor's degree,4,UX Designer,684000,1499000
"git, linux, python, debugging, critical thinking, ci/cd","programming, clean code, engineering",bachelor's degree,1,Software Engineer,659000,1422000
"debugging, linux, docker, cloud, git, go-to-market strategy, pricing strategy","infrastructure, backend systems, product strategy",bachelor's degree,5,Back-End Developer,724000,1686000
"market analysis, communication, teamwork, roadmap, sql, stakeholder communication","problem solving, strategy, financial analysis, data storytelling",bachelor's degree,2,Business Analyst,529000,1255000
"prototyping, personas, customer discovery, journey mapping, git, css, backlog grooming, product analytics","user research, user experience, customer feedback, learning new tools",bachelor's degree,1,UX Designer,440000,925000
"git, css, user research, testing, agile","technology, responsive design, ui development, coding, design, user experience",master's degree,12,Front-End Developer,1226000,2456000
"excel, dashboards, documentation, pandas","analytics, statistics, learning new tools, kpis, nlp research",master's degree,15,Data Analyst,1261000,2705000
"api design, testing, data structures, python, presentation skills, progressive web apps, react","automation, algorithms, teamwork",bachelor's degree,9,Software Engineer,998000,2323000
"etl, pandas, data cleaning, excel, python, statistics","statistics, analytics, teamwork, market research, automation",bachelor's degree,6,Data Analyst,783000,1609000
"critical thinking, data structures, linux, html, debugging","innovation, web development, coding, responsive design",bachelor's degree,0,Software Engineer,510000,1114000
"algorithms, problem solving, debugging, typescript, cross-browser testing","data analysis, problem solving, computer vision, programming, model optimization, software craftsmanship",bachelor's degree,1,Machine Learning Engineer,724000,1689000
"scikit-learn, data cleaning, machine learning, pandas, data structures, hyperparameter tuning, business case development, risk analysis","problem solving, programming, system reliability",bachelor's degree,1,Machine Learning Engineer,758000,1686000
"problem solving, debugging, user research, heuristic evaluation, sketch","user experience, web development, design, teamwork",bachelor's degree,1,Front-End Developer,507000,1060000
"scripting, networking, cloud, git, docker","technology, automation, site reliability, infrastructure, systems, cloud",bachelor's degree,1,DevOps Engineer,736000,1604000
"personas, user research, agile, communication, ansible, logging systems","usability, user experience, infrastructure",bachelor's degree,9,UX Designer,898000,1961000
"css, teamwork, javascript, agile, figma","coding, web performance, problem solving, user experience",bachelor's degree,3,Front-End Developer,589000,1305000
"api design, docker, debugging, linux, databases, gap analysis","api design, infrastructure, innovation",phd,4,Back-End Developer,756000,1696000
"algorithms, teamwork, python, html, data structures, testing, critical thinking, model deployment, linear algebra","algorithms, software craftsmanship, innovation",bachelor's degree,7,Software Engineer,801000,1722000
"presentation skills, databases, api design, cloud, testing, interaction design","infrastructure, cloud, system design",bachelor's degree,1,Back-End Developer,595000,1379000
"scripting, api design, git, databases, cloud","cloud, automation, technology, infrastructure",bachelor's degree,3,DevOps Engineer,688000,1395000
"debugging, problem solving, critical thinking, javascript, load balancing",coding,phd,3,Software Engineer,608000,1329000
"statistics, critical thinking, stakeholder communication, pandas, site reliability, monitoring",visualization,12th pass,5,Data Analyst,784000,1628000
"agile, critical thinking, figma, user research, code review","user experience, user research, design",diploma,6,UX Designer,841000,1843000
"python, data cleaning","innovation, pattern recognition",master's degree,6,Machine Learning Engineer,955000,2055000
"pandas, statistics, critical thinking, data warehousing, unit testing","data analysis, pattern recognition, statistics",master's degree,4,Data Analyst,729000,1539000
"django, testing, databases, design patterns","learning new tools, engineering",master's degree,3,Back-End Developer,738000,1687000
"critical thinking, tailwind css, javascript, figma, testing, debugging","web development, coding, user experience",diploma,1,Front-End Developer,551000,1125000
"stakeholder management, market analysis, roadmap, user research, agile, teamwork, requirements gathering, process mapping, stakeholder interviews","technology, stakeholder collaboration, user research",12th pass,3,Product Manager,838000,1975000
"javascript, git, user research, presentation skills, financial modeling","coding, web development, innovation, interactive web experiences, human-centered design",bachelor's degree,2,Front-End Developer,484000,1148000
"requirements gathering, dashboards, data visualization, postgresql, message queues","reporting, strategy, requirements analysis",phd,2,Business Analyst,587000,1282000
"debugging, numpy, machine learning, mlops, teamwork, pandas, agile, data structures","pattern recognition, data analysis, programming, computer vision",bachelor's degree,0,Machine Learning Engineer,656000,1362000
"roadmap, data visualization, communication, stakeholder management, market analysis, git, usability, journey mapping","analytics, innovation, reporting, data storytelling",bachelor's degree,7,Business Analyst,878000,2090000
"css, user research, object-oriented design, software architecture","customer feedback, usability, api design",diploma,3,UX Designer,609000,1332000
"reporting, teamwork, stakeholder communication, stakeholder interviews, process mapping","analytics, visualization, technology",diploma,14,Data Analyst,1054000,2447000
"html, debugging, algorithms, business case development","algorithms, market fit",master's degree,2,Software Engineer,620000,1386000
"data visualization, dashboards, numpy, reporting, agile, teamwork, gap analysis, process mapping","pattern recognition, kpis, teamwork, usability",bachelor's degree,15,Data Analyst,1254000,2574000
"use case documentation, business process improvement, roadmap, stakeholder communication, tableau, data visualization, requirements gathering, vue, typescript","reporting, stakeholder collaboration, problem solving",master's degree,1,Business Analyst,585000,1266000
"api design, databases, testing, documentation, cloud",infrastructure,master's degree,11,DevOps Engineer,1197000,2560000
"python, documentation, data cleaning, card sorting, journey mapping","statistics, analytics, teamwork",diploma,1,Data Analyst,424000,1015000
"machine learning, pandas","visualization, innovation, pattern recognition, financial analysis",bachelor's degree,10,Data Analyst,1013000,2326000
"regression analysis, reporting, numpy, presentation skills, sql, teamwork, financial modeling, business case development","statistics, business intelligence",master's degree,2,Data Analyst,567000,1314000
"html, communication, algorithms","algorithms, technology, web development, coding, software craftsmanship",master's degree,1,Software Engineer,548000,1173000
"docker, presentation skills, cloud, redis, teamwork, debugging, git, design patterns, incident response, prometheus",engineering,master's degree,2,Back-End Developer,635000,1399000
"sql, stakeholder management, excel, load balancing","strategy, analytics",bachelor's degree,1,Business Analyst,495000,1119000
"testing, ci/cd, scripting, databases, cloud, grpc, node.js","systems, cloud",bachelor's degree,4,DevOps Engineer,734000,1637000
"data structures, cloud, testing","cloud, infrastructure, teamwork, engineering, visual storytelling",bachelor's degree,8,Back-End Developer,842000,1907000
"information architecture, personas, prototyping, figma, c++, concurrency","user experience, user research, learning new tools, customer feedback",12th pass,2,UX Designer,507000,1181000
"design patterns, concurrency, data structures, ci/cd, api design, debugging","learning new tools, coding",bachelor's degree,1,Software Engineer,605000,1354000
"testing, communication, git, storybook, next.js","backend systems, teamwork, infrastructure, engineering, forecasting",master's degree,11,Back-End Developer,1124000,2410000
"pandas, git","data analysis, problem solving, algorithms",bachelor's degree,2,Machine Learning Engineer,839000,1905000
"debugging, pandas, algorithms, machine learning, documentation, monitoring, helm","statistics, forecasting",bachelor's degree,3,Machine Learning Engineer,821000,1871000
"git, scripting","automation, teamwork, infrastructure, cloud computing",master's degree,5,DevOps Engineer,1004000,2303000
"roadmap, requirements gathering, business process improvement, presentation skills, sql, load balancing, postgresql","process improvement, teamwork, financial analysis, analytics, visualization, strategy",bachelor's degree,1,Business Analyst,588000,1361000
"communication, prototyping, figma, documentation, testing, computer vision, tensorflow","user experience, design, coding, innovation",bachelor's degree,10,Front-End Developer,853000,1735000
"personas, product analytics, stakeholder management, market analysis, requirements gathering, competitive analysis, roadmap, critical thinking, git","user research, problem solving",diploma,3,Product Manager,822000,1846000
"linux, design patterns, docker, data structures, agile, communication","infrastructure, problem solving, risk management",bachelor's degree,6,Back-End Developer,818000,1826000
"critical thinking, scripting, debugging, git, linux",backend systems,master's degree,0,Software Engineer,533000,1086000
"statistics, scikit-learn, git, python, communication, data structures, kubernetes, grafana","data analysis, system design",master's degree,0,Machine Learning Engineer,728000,1632000
"communication, user research, personas, stakeholder management, customer discovery, business case development, risk analysis","strategy, stakeholder collaboration, customer feedback",bachelor's degree,4,Product Manager,1001000,2175000
"critical thinking, design systems, git, customer discovery, figma","customer feedback, design, user experience, infrastructure",bachelor's degree,4,UX Designer,568000,1283000
"problem solving, tailwind css, debugging, git, html, prototyping, javascript, svelte, information architecture, heuristic evaluation","interactive web experiences, learning new tools, user experience",phd,9,Front-End Developer,1009000,2190000
"vue, agile, problem solving, javascript, git, css, prototyping","ui development, web development, coding, technology, computer vision",master's degree,2,Front-End Developer,552000,1173000
"css, debugging, competitive analysis","technology, user experience, responsive design, design",phd,1,Front-End Developer,504000,1029000
"pandas, machine learning, python","technology, pattern recognition, system reliability",bachelor's degree,1,Machine Learning Engineer,761000,1610000
"sql, documentation, stakeholder communication, requirements gathering","reporting, teamwork, visualization, risk management, strategy, infrastructure",diploma,4,Business Analyst,803000,1906000
"databases, documentation, testing","automation, cloud, infrastructure, responsive design",bachelor's degree,6,DevOps Engineer,1046000,2413000
"market analysis, dashboards, teamwork, use case documentation, reporting, critical thinking, sql, backlog grooming, product analytics","strategy, reporting, financial analysis",master's degree,1,Business Analyst,548000,1261000
"power bi, critical thinking, statistics, pandas, kubernetes, site reliability","statistics, innovation",bachelor's degree,1,Data Analyst,457000,1042000
"git, reporting, pandas, statistics, teamwork, excel, dashboards","statistics, data analysis, reporting, innovation, market fit",master's degree,0,Data Analyst,473000,1000000
"git, machine learning, data structures, python","technology, programming, responsive design",bachelor's degree,8,Machine Learning Engineer,978000,2167000
"debugging, numpy, statistics, heuristic evaluation","algorithms, teamwork, programming, statistics",bachelor's degree,6,Machine Learning Engineer,875000,2004000
"debugging, api design, software architecture","engineering, api design, innovation",bachelor's degree,1,Back-End Developer,568000,1179000
"tableau, power bi, pandas, machine learning, dashboards, statistics, linear algebra, pytorch","pattern recognition, market research, kpis, visualization, analytics, risk management",master's degree,3,Data Analyst,640000,1420000
"problem solving, design systems, javascript, css, git, presentation skills, user research, competitive analysis, pricing strategy","coding, design, learning new tools, responsive design, site reliability",bachelor's degree,0,Front-End Developer,460000,990000
"git, stakeholder management, dashboards, market analysis, tableau","reporting, visualization, analytics",diploma,0,Business Analyst,469000,1034000
"problem solving, critical thinking, stakeholder management, user research, monitoring, logging systems","user research, stakeholder collaboration, growth",bachelor's degree,5,Product Manager,1147000,2634000
"git, pandas, data cleaning, react","pattern recognition, learning new tools, data analysis, dashboards",master's degree,2,Machine Learning Engineer,646000,1296000
"prototyping, design systems, html","design, web development, innovation, market fit",master's degree,0,Front-End Developer,427000,917000
"testing, concurrency, problem solving, python, ci/cd, javascript, prometheus, monitoring","software craftsmanship, coding, innovation, web performance",diploma,3,Software Engineer,709000,1473000
"user research, figma, javascript, design systems, html","user experience, responsive design",diploma,6,Front-End Developer,842000,1942000
"debugging, communication, agile, git, machine learning, tensorflow, interaction design","statistics, programming, data analysis, learning new tools, customer needs",bachelor's degree,1,Machine Learning Engineer,679000,1553000
"git, teamwork, communication, debugging, css animations, svelte","infrastructure, cloud, software craftsmanship",bachelor's degree,7,Back-End Developer,904000,2001000
"ci/cd, html, data structures, communication, design patterns","software craftsmanship, backend systems",bachelor's degree,3,Software Engineer,735000,1484000
"testing, agile, communication, design systems, logging systems","coding, web development, infrastructure",bachelor's degree,0,Front-End Developer,383000,863000
"customer discovery, figma, design systems, css","usability, design, customer feedback, user experience, problem solving, interactive web experiences",bachelor's degree,5,UX Designer,783000,1666000
"prototyping, git, figma, css, user research, xgboost, hyperparameter tuning","user experience, problem solving, web development",bachelor's degree,1,Front-End Developer,521000,1172000
"numpy, data warehousing, data visualization",statistics,master's degree,5,Data Analyst,787000,1693000
"algorithms, debugging, ci/cd, code review","automation, web development, teamwork, backend systems",phd,13,Software Engineer,1409000,2854000
"user research, debugging, teamwork, javascript, tailwind css, design systems, progressive web apps, business case development, gap analysis","technology, coding, interactive web experiences, human-centered design",diploma,9,Front-End Developer,847000,1951000
"docker, data structures, ci/cd","infrastructure, learning new tools, engineering, clean code",bachelor's degree,6,Back-End Developer,852000,1942000
"design patterns, agile, ci/cd, communication, backlog grooming","technology, cloud, engineering, api design, data storytelling",bachelor's degree,4,Back-End Developer,689000,1554000
"git, data structures, testing, databases, charts, data storytelling","backend systems, infrastructure, cloud",bachelor's degree,8,Back-End Developer,1027000,2428000
"algorithms, design patterns, presentation skills, html, git, data structures, documentation","web development, coding, clean code, backend systems, problem solving, process improvement",bachelor's degree,10,Software Engineer,1243000,2840000
"market analysis, personas, problem solving, stakeholder management, customer discovery, user research, css animations, ui components","strategy, stakeholder collaboration, user research, model optimization",bachelor's degree,1,Product Manager,905000,2057000
"data structures, linux, cloud, debugging","infrastructure, cloud, engineering",master's degree,2,Back-End Developer,550000,1176000
"ci/cd, git","backend systems, cloud, problem solving, engineering",bachelor's degree,5,Back-End Developer,696000,1634000
"prototyping, agile, presentation skills, git, css, metrics","coding, design, interactive web experiences",bachelor's degree,9,Front-End Developer,1054000,2442000
"data structures, pandas","data analysis, algorithms, programming, financial analysis",bachelor's degree,10,Machine Learning Engineer,1162000,2501000
"usability, design systems, css, user research, personas, computer vision","teamwork, customer feedback, design, clean code",bachelor's degree,3,UX Designer,512000,1165000
"html, documentation, ci/cd, software architecture, algorithms, git, critical thinking, progressive web apps, typescript","system design, backend systems, engineering, forecasting",master's degree,10,Software Engineer,1177000,2737000
"api design, linux, mongodb, design patterns, c++, object-oriented design","engineering, infrastructure",diploma,1,Back-End Developer,500000,1012000
"requirements gathering, presentation skills, personas, user research, communication, documentation, stakeholder management, competitive analysis","user research, customer feedback",bachelor's degree,1,Product Manager,962000,2113000
"data structures, testing, model evaluation, deep learning","coding, system design, automation, algorithms, technology",bachelor's degree,1,Software Engineer,655000,1472000
"helm, databases, linux, api design, ci/cd, presentation skills, terraform, stakeholder interviews","problem solving, automation, infrastructure",diploma,1,DevOps Engineer,602000,1268000
"personas, market analysis, stakeholder management, communication, requirements gathering, angular, cross-browser testing","technology, strategy, product strategy, market research",bachelor's degree,10,Product Manager,1527000,3363000
"communication, critical thinking, sql, python, power bi, a/b testing, excel, stakeholder interviews, use case documentation","technology, pattern recognition, forecasting, data analysis, requirements analysis",bachelor's degree,2,Data Analyst,510000,1193000
"kafka, api design, linux, debugging, testing","distributed systems, infrastructure, engineering, innovation, api design, clean code",bachelor's degree,1,Back-End Developer,558000,1272000
"teamwork, documentation, pandas, data cleaning, heuristic evaluation","statistics, pattern recognition",bachelor's degree,2,Machine Learning Engineer,855000,1952000
"debugging, linux, ci/cd, data structures, django, communication, c#","cloud, backend systems, problem solving",bachelor's degree,6,Back-End Developer,777000,1752000
"personas, customer discovery, stakeholder management, pricing strategy, qlik, charts","customer feedback, ui development",master's degree,2,Product Manager,817000,1914000
"documentation, sql, numpy, python, dashboards, tableau, spring boot, sharding","analytics, teamwork, data storytelling, financial analysis",bachelor's degree,2,Data Analyst,519000,1075000
"communication, agile, business case development, presentation skills, stakeholder management","teamwork, stakeholder collaboration, process improvement, requirements analysis, customer needs",bachelor's degree,14,Business Analyst,1290000,2972000
"api design, testing, agile, cloud, incident response, ci/cd, scripting","systems, problem solving, site reliability",bachelor's degree,7,DevOps Engineer,1047000,2481000
"excel, pandas, machine learning, numpy, tableau","reporting, forecasting, analytics, usability",bachelor's degree,0,Data Analyst,469000,1090000
"testing, javascript, load balancing","programming, teamwork, engineering, coding",bachelor's degree,5,Software Engineer,799000,1817000
"data structures, data cleaning, tensorflow, git","pattern recognition, artificial intelligence, software craftsmanship",bachelor's degree,0,Machine Learning Engineer,563000,1223000
"python, presentation skills, statistics, debugging, redis","pattern recognition, teamwork, statistics, programming, clean code",bachelor's degree,0,Machine Learning Engineer,633000,1314000
"javascript, figma, user research, documentation, debugging","user experience, coding",12th pass,13,Front-End Developer,1135000,2316000
"code review, software architecture, testing, debugging, data structures, python, algorithms","learning new tools, coding, responsive design",bachelor's degree,2,Software Engineer,738000,1590000
"linux, testing, ci/cd, scripting, git, communication, usability",infrastructure,bachelor's degree,1,DevOps Engineer,681000,1480000
"css, git, figma, sass","design, responsive design, coding, data storytelling",bachelor's degree,10,Front-End Developer,1105000,2425000
"documentation, critical thinking, debugging, design patterns, linux, cloud, docker, product strategy, product analytics","innovation, distributed systems, scalability, engineering",diploma,6,Back-End Developer,896000,2062000
"requirements gathering, data visualization, roadmap, sql, git, agile, stakeholder communication","requirements analysis, reporting, strategy, learning new tools, artificial intelligence",bachelor's degree,4,Business Analyst,720000,1690000
"python, data cleaning, git, debugging, networking","data analysis, teamwork, programming, statistics",bachelor's degree,3,Machine Learning Engineer,889000,1924000
"data structures, agile, critical thinking, debugging, terraform","nlp research, pattern recognition, technology, algorithms, market fit",bachelor's degree,10,Machine Learning Engineer,1146000,2722000
"data cleaning, stakeholder communication, data storytelling, statistics, business process improvement, process mapping","visualization, api design",diploma,3,Data Analyst,504000,1095000
"ci/cd, design patterns, linux, api design, pricing strategy",backend systems,12th pass,1,Back-End Developer,579000,1226000
"problem solving, user research, critical thinking, figma, kafka","coding, interactive web experiences",bachelor's degree,10,Front-End Developer,1063000,2356000
"numpy, sql, dashboards, presentation skills, stakeholder communication, kubernetes, incident response","reporting, data storytelling, learning new tools, analytics",bachelor's degree,0,Data Analyst,373000,767000
"git, tableau, reporting, python, communication","reporting, technology, statistics",phd,6,Data Analyst,862000,1821000
"teamwork, dashboards, documentation, stakeholder communication, data cleaning, data visualization","reporting, pattern recognition, market research, data analysis, nlp research",bachelor's degree,1,Data Analyst,521000,1245000
"git, html, business case development, gap analysis","web development, programming, innovation, automation, usability",master's degree,6,Software Engineer,837000,1839000
"documentation, communication, css, prototyping, usability, sketch","web development, problem solving, ui development, design, responsive design, coding, financial analysis",diploma,0,Front-End Developer,387000,822000
"data structures, performance tuning, agile, presentation skills, javascript, api design","innovation, backend systems, data storytelling",master's degree,2,Software Engineer,564000,1188000
"cloud, databases, data structures, debugging, docker","engineering, backend systems, teamwork, infrastructure",diploma,10,Back-End Developer,1110000,2608000
"api design, linux, logging systems, networking","engineering, technology, human-centered design",bachelor's degree,3,Back-End Developer,627000,1436000
"stakeholder management, metrics, requirements gathering, roadmap, communication, okrs, customer discovery, looker","strategy, product strategy, innovation, growth",bachelor's degree,12,Product Manager,1506000,3247000
"statistics, data visualization, problem solving, python, qlik, excel, load balancing","data storytelling, pattern recognition, teamwork, reporting, computer vision",bachelor's degree,5,Data Analyst,788000,1625000
"debugging, data structures, linux, critical thinking, agile, ci/cd, site reliability, incident response","innovation, api design, infrastructure, cloud, scalability, process improvement",bachelor's degree,3,Back-End Developer,692000,1469000
"critical thinking, reporting, data visualization, tableau, data cleaning, pandas, c++, unit testing","analytics, visualization, nlp research",master's degree,15,Data Analyst,1392000,2860000
"next.js, user research, prototyping, javascript, git, css, sass, backlog grooming","web development, user experience, web performance, model optimization",phd,1,Front-End Developer,505000,1114000
"numpy, agile, git, machine learning, documentation","programming, learning new tools, pattern recognition",bachelor's degree,9,Machine Learning Engineer,1001000,2073000
"python, debugging, machine learning, data structures, presentation skills, statistics, metrics, prioritization","computer vision, statistics, nlp research",bachelor's degree,1,Machine Learning Engineer,727000,1740000
"html, git, debugging, api design, data structures, svelte, vue","automation, backend systems",bachelor's degree,12,Software Engineer,1308000,3018000
"machine learning, data structures, numpy, python, tensorflow, algorithms, critical thinking, agile, product strategy, go-to-market strategy","programming, data analysis, algorithms",bachelor's degree,5,Machine Learning Engineer,895000,2075000
"critical thinking, html, javascript, model deployment, pytorch","web performance, web development, user experience, design",master's degree,3,Front-End Developer,678000,1560000
"customer discovery, figma, git","user experience, system design",master's degree,2,UX Designer,465000,1068000
"agile, critical thinking, pandas, python, xgboost, model deployment","pattern recognition, learning new tools",master's degree,9,Data Analyst,878000,2023000
"design patterns, teamwork, object-oriented design, api design, debugging, communication, site reliability, logging systems","automation, backend systems",bachelor's degree,2,Software Engineer,588000,1398000
"critical thinking, data structures, debugging, git, databases, spring boot","teamwork, infrastructure, engineering, human-centered design",diploma,2,Back-End Developer,527000,1195000
"linux, databases, git, critical thinking, docker, api design, agile, site reliability, logging systems","engineering, backend systems, cloud",bachelor's degree,13,Back-End Developer,1171000,2354000
"stakeholder interviews, market analysis, roadmap, agile, postgresql","strategy, stakeholder collaboration, learning new tools, visualization",bachelor's degree,12,Business Analyst,1297000,2968000
"testing, design systems, teamwork, javascript, html, competitive analysis","problem solving, design, financial analysis",bachelor's degree,9,Front-End Developer,1035000,2194000
"css, prototyping, user research","user experience, coding, design, market fit",diploma,2,Front-End Developer,637000,1423000
"agile, ci/cd, databases, critical thinking, scripting, git","infrastructure, systems, site reliability, automation, ui development",bachelor's degree,1,DevOps Engineer,726000,1696000
"testing, presentation skills, html, debugging, communication, javascript, metrics, product analytics","technology, design",bachelor's degree,7,Front-End Developer,763000,1534000
"css, figma, design systems, prototyping","user research, design, teamwork, accessibility, ui development",bachelor's degree,6,UX Designer,727000,1516000
"git, problem solving, testing, python, design patterns, debugging, mlops","systems, web development, algorithms",bachelor's degree,3,Software Engineer,663000,1423000
"communication, python, linux, javascript, html, ci/cd","software craftsmanship, backend systems, coding, system design, problem solving, algorithms",bachelor's degree,1,Software Engineer,624000,1468000
"stakeholder management, reporting, problem solving, teamwork, database indexing","reporting, learning new tools, analytics",bachelor's degree,6,Business Analyst,793000,1833000
"dashboards, market analysis, design critique","stakeholder collaboration, financial analysis, technology, requirements analysis, reporting, automation",bachelor's degree,8,Business Analyst,831000,1894000
"design systems, user research, figma, prototyping, critical thinking, information architecture, grafana, monitoring","customer feedback, accessibility",bachelor's degree,2,UX Designer,616000,1361000
"testing, problem solving, cloud, debugging, linux, spring boot","teamwork, cloud, scalability, api design, infrastructure, process improvement",diploma,1,Back-End Developer,486000,1046000
"api design, design patterns, data structures, etl, qlik","api design, backend systems, engineering, distributed systems",bachelor's degree,0,Back-End Developer,487000,1064000
"prototyping, personas, css, etl, power bi","user experience, user research, customer feedback",bachelor's degree,3,UX Designer,543000,1197000
"linux, javascript, c++, journey mapping, visual design","problem solving, algorithms, web development, engineering, risk management",diploma,5,Software Engineer,881000,1961000
"data cleaning, data structures, debugging, git, pandas, scikit-learn, statistics, use case documentation, risk analysis","algorithms, pattern recognition",bachelor's degree,13,Machine Learning Engineer,1325000,2982000
"node.js, teamwork, ci/cd, testing, google sheets, regression analysis","infrastructure, engineering",phd,1,Back-End Developer,605000,1340000
"prototyping, customer discovery, css, user research, git, personas","user research, design",master's degree,3,UX Designer,678000,1537000
"scripting, git, kubernetes, risk analysis, requirements gathering","cloud, infrastructure, systems, nlp research",master's degree,3,DevOps Engineer,674000,1535000
"javascript, communication, debugging, problem solving, svelte, redux, testing, figma, model evaluation, tensorflow","interactive web experiences, web development, innovation, clean code",master's degree,13,Front-End Developer,1004000,2180000
"c++, python, ci/cd, teamwork","problem solving, web development, engineering, system design, clean code, programming",bachelor's degree,12,Software Engineer,1334000,2848000
"data storytelling, teamwork, dashboards, stakeholder communication, git, machine learning, backlog grooming, competitive analysis","kpis, innovation, pattern recognition, data analysis, reporting",diploma,2,Data Analyst,585000,1318000
"kpis, stakeholder communication, critical thinking, reporting, problem solving, deep learning","forecasting, data analysis, api design",bachelor's degree,0,Data Analyst,411000,915000
"cloud, docker, design patterns, software architecture","cloud, automation",master's degree,5,DevOps Engineer,904000,2003000
"communication, stakeholder management, requirements gathering, product strategy, kafka, caching","stakeholder collaboration, customer feedback, user research",bachelor's degree,0,Product Manager,830000,1981000
"scripting, api design, git, databases, storybook","automation, problem solving, systems",diploma,0,DevOps Engineer,562000,1262000
"api design, git, docker, testing, presentation skills, logging systems, qlik, regression analysis","teamwork, automation, site reliability, cloud, systems, kpis",master's degree,13,DevOps Engineer,1502000,3553000
"communication, tableau, python, machine learning",analytics,bachelor's degree,1,Data Analyst,424000,895000
"user research, figma, prototyping, git, prioritization, go-to-market strategy","customer feedback, user research, design",bachelor's degree,5,UX Designer,708000,1627000
"algorithms, numpy, git, statistics, problem solving, infrastructure as code","model optimization, problem solving, pattern recognition, automation",bachelor's degree,1,Machine Learning Engineer,655000,1414000
"pandas, tableau, python, documentation, dashboards, data cleaning, process mapping, business case development","visualization, pattern recognition",diploma,3,Data Analyst,661000,1440000
"scripting, html, algorithms, performance tuning, refactoring, message queues","learning new tools, systems, backend systems",diploma,1,Software Engineer,677000,1421000
"roadmap, gap analysis, critical thinking, business process improvement, stakeholder communication, dashboards, market analysis","strategy, learning new tools, stakeholder collaboration",master's degree,3,Business Analyst,675000,1527000
"algorithms, data structures, python, git","pattern recognition, learning new tools",master's degree,0,Machine Learning Engineer,597000,1289000
"scripting, agile, object-oriented design, c++, javascript, critical thinking, debugging, git","systems, backend systems, coding",bachelor's degree,1,Software Engineer,539000,1177000
"git, reinforcement learning, debugging, critical thinking, teamwork","pattern recognition, programming",bachelor's degree,1,Machine Learning Engineer,773000,1700000
"design systems, prototyping, figma, customer discovery, angular","customer feedback, accessibility",bachelor's degree,0,UX Designer,371000,829000
"communication, machine learning, git, dashboards, data visualization, sql","analytics, business intelligence, pattern recognition",bachelor's degree,4,Data Analyst,718000,1648000
"css, prototyping, debugging, problem solving, javascript, svelte, html, presentation skills, hyperparameter tuning, tensorflow","design, ui development, computer vision",master's degree,3,Front-End Developer,657000,1331000
"customer discovery, teamwork, communication, user research","user research, stakeholder collaboration",diploma,6,Product Manager,1037000,2230000
"docker, data structures, databases, mongodb, django, visual design, interaction design",infrastructure,master's degree,0,Back-End Developer,456000,1040000
"communication, stakeholder management, agile, user research, product analytics, react, sass","market fit, stakeholder collaboration, customer feedback, responsive design",master's degree,1,Product Manager,801000,1772000
"docker, cloud, documentation, mongodb, linux, problem solving, monitoring, kubernetes","system reliability, problem solving, backend systems",bachelor's degree,6,Back-End Developer,789000,1704000
"figma, prototyping, design systems, teamwork, user research, c#","user research, visual storytelling, customer feedback, technology, site reliability",bachelor's degree,0,UX Designer,411000,929000
"concurrency, algorithms, testing, javascript, data structures, presentation skills, agile","coding, web development, clean code, algorithms, api design",bachelor's degree,1,Software Engineer,571000,1306000
"teamwork, debugging, css animations, javascript, critical thinking, git, design systems, helm, site reliability","user experience, design, web development, responsive design, web performance",bachelor's degree,0,Front-End Developer,389000,861000
"customer discovery, communication",user research,12th pass,0,Product Manager,709000,1693000
"html, design patterns, javascript, python, pricing strategy","engineering, clean code, automation, systems",bachelor's degree,5,Software Engineer,718000,1666000
"javascript, presentation skills, python, process mapping, gap analysis","coding, programming, web development, predictive modeling",bachelor's degree,1,Software Engineer,531000,1273000
"user research, customer discovery, personas","strategy, infrastructure",phd,4,Product Manager,887000,1930000
"data visualization, sql, excel","analytics, visualization, problem solving, usability",master's degree,1,Data Analyst,454000,1037000
"communication, heuristic evaluation, figma, teamwork, prototyping, personas, infrastructure as code","user research, design, problem solving, user experience",bachelor's degree,2,UX Designer,602000,1315000
"tableau, market analysis, git, stakeholder communication, critical thinking, stakeholder management, c#, object-oriented design","reporting, strategy, human-centered design",master's degree,7,Business Analyst,921000,2114000
"scripting, testing, javascript, api design, design patterns, critical thinking","systems, programming, backend systems",master's degree,4,Software Engineer,713000,1536000
"scripting, debugging, html, javascript, linux, presentation skills, communication","clean code, technology, web development, coding, system reliability",diploma,6,Software Engineer,862000,1981000
"user research, javascript, css, critical thinking","user experience, responsive design, web development, web performance, market fit",diploma,3,Front-End Developer,547000,1177000
"numpy, documentation, data structures, debugging, critical thinking, data cleaning, algorithms, journey mapping, visual design","statistics, computer vision",bachelor's degree,4,Machine Learning Engineer,752000,1546000
"sql, stakeholder management, excel, agile, communication, deep learning",visualization,bachelor's degree,9,Business Analyst,1100000,2390000
"communication, dashboards, presentation skills, tableau, power bi","statistics, analytics, business intelligence, data analysis",bachelor's degree,3,Data Analyst,501000,1157000
"git, ci/cd, databases, testing, c++","teamwork, infrastructure, automation, cloud",master's degree,5,DevOps Engineer,936000,2127000
"agile, design systems, personas, user research, git","user research, accessibility, customer feedback, design",diploma,3,UX Designer,631000,1447000
"prototyping, javascript","user experience, learning new tools",diploma,0,Front-End Developer,446000,894000
"stakeholder management, user research, customer discovery, documentation, teamwork, software architecture","strategy, stakeholder collaboration, technology, automation",diploma,9,Product Manager,1274000,2712000
"html, git, user research, testing, use case documentation, business process improvement","responsive design, web development, coding, design",bachelor's degree,4,Front-End Developer,599000,1209000
"customer discovery, pricing strategy, roadmap, communication, requirements gathering, stakeholder management, user research, deep learning","strategy, usability",bachelor's degree,1,Product Manager,933000,1888000
"scikit-learn, numpy, statistics, data storytelling, power bi","problem solving, statistics, data analysis, algorithms, system design",diploma,0,Machine Learning Engineer,580000,1389000
"data structures, numpy, debugging, git, risk analysis, workflow automation","algorithms, learning new tools, predictive modeling, forecasting",bachelor's degree,6,Machine Learning Engineer,850000,1783000
"databases, linux","site reliability, infrastructure, problem solving",master's degree,3,DevOps Engineer,817000,1675000
"personas, design systems, customer discovery, user research, c#, concurrency","accessibility, user experience, user research",bachelor's degree,4,UX Designer,732000,1726000
"stakeholder management, stakeholder communication, teamwork, problem solving, roadmap, tableau","requirements analysis, visualization",bachelor's degree,6,Business Analyst,835000,1837000
"stakeholder management, communication, user research, okrs, market analysis, documentation, problem solving, design critique, sketch","market fit, stakeholder collaboration, strategy, risk management",master's degree,3,Product Manager,1032000,2414000
"teamwork, linux, ci/cd, databases, vue","backend systems, technology",bachelor's degree,7,Back-End Developer,978000,2158000
"javascript, c++, html, teamwork, testing, documentation, debugging, data structures","problem solving, backend systems, coding, web development",master's degree,10,Software Engineer,1218000,2814000
"django, debugging, design patterns, authentication, ci/cd, databases, c#, software architecture",engineering,master's degree,8,Back-End Developer,1054000,2255000
"problem solving, data structures, data cleaning, tensorflow, infrastructure as code, helm","teamwork, statistics, programming, data analysis",bachelor's degree,3,Machine Learning Engineer,779000,1721000
"data structures, teamwork, critical thinking, linux, stakeholder interviews","engineering, scalability, learning new tools, cloud",12th pass,2,Back-End Developer,622000,1256000
"cloud, git, presentation skills, testing, performance tuning, refactoring","automation, systems, technology, infrastructure",master's degree,5,DevOps Engineer,871000,1828000
"problem solving, databases, testing, design patterns, communication, debugging, ci/cd, journey mapping, design critique","innovation, backend systems",master's degree,6,Back-End Developer,810000,1718000
"cloud, git, authentication, design patterns, linux, mongodb, infrastructure as code, prometheus","engineering, learning new tools",bachelor's degree,3,Back-End Developer,650000,1544000
"algorithms, api design, design patterns, git, documentation, agile, authentication","web development, systems, programming, technology",bachelor's degree,6,Software Engineer,972000,1972000
"prioritization, roadmap, stakeholder management, requirements gathering, market analysis, user research","user research, strategy, customer feedback, data storytelling",bachelor's degree,3,Product Manager,905000,2136000
"metrics, presentation skills, requirements gathering, stakeholder management, personas, customer discovery","strategy, innovation, infrastructure",bachelor's degree,1,Product Manager,935000,2231000
"tableau, teamwork, numpy, data cleaning, statistics, linear algebra, xgboost","data analysis, analytics, visualization, cloud computing",master's degree,3,Data Analyst,633000,1369000
"data structures, python, git, data cleaning, numpy, ui components","data analysis, learning new tools, process improvement",bachelor's degree,9,Machine Learning Engineer,1058000,2240000
"excel, sql, data visualization, roadmap, dashboards, concurrency","strategy, visualization, stakeholder collaboration",master's degree,1,Business Analyst,481000,1074000
"linux, agile, scripting, networking, git, docker, postgresql","cloud, systems, problem solving",bachelor's degree,0,DevOps Engineer,673000,1466000
"unit testing, data structures, scripting, teamwork, algorithms, presentation skills, performance tuning, javascript, model deployment","automation, problem solving, software craftsmanship, engineering, clean code, backend systems",bachelor's degree,4,Software Engineer,733000,1518000
"databases, ci/cd, api design, git, software architecture, concurrency","teamwork, infrastructure, api design",12th pass,1,DevOps Engineer,568000,1331000
"linux, teamwork, cloud, ci/cd, testing, vue, svelte","automation, systems, infrastructure, interactive web experiences",diploma,3,DevOps Engineer,700000,1525000
"agile, debugging, git, javascript, communication, design systems, user research","user experience, coding",bachelor's degree,3,Front-End Developer,682000,1531000
"personas, user research, roadmap, problem solving, requirements gathering, documentation, market analysis","technology, market fit, stakeholder collaboration, product strategy, strategy, predictive modeling",bachelor's degree,1,Product Manager,767000,1594000
"git, data structures, documentation, pandas, interaction design, journey mapping",programming,bachelor's degree,4,Machine Learning Engineer,947000,2088000
"debugging, testing, problem solving, critical thinking, journey mapping",backend systems,master's degree,5,Software Engineer,922000,2158000
"scripting, unit testing, communication, ci/cd, testing, grpc","engineering, backend systems",bachelor's degree,6,Software Engineer,945000,1987000
"machine learning, pandas, python, dashboards, reporting, database indexing, load balancing","data analysis, visualization, nlp research",master's degree,2,Data Analyst,551000,1248000
"personas, css, prototyping, design systems, visual design, heuristic evaluation, teamwork, stakeholder interviews, business case development","user experience, user research, design",bachelor's degree,3,UX Designer,670000,1517000
"data structures, html, agile, api design, javascript, presentation skills, cross-browser testing, next.js","clean code, learning new tools, automation",bachelor's degree,3,Software Engineer,687000,1558000
"problem solving, design critique, prototyping, personas, figma, communication, user research, design systems, etl, qlik","usability, user research, learning new tools, infrastructure",bachelor's degree,1,UX Designer,516000,1143000
"problem solving, algorithms, data structures, hyperparameter tuning, helm, logging systems","algorithms, computer vision",bachelor's degree,2,Machine Learning Engineer,756000,1745000
"stakeholder management, user research, requirements gathering, market analysis, critical thinking",strategy,bachelor's degree,10,Product Manager,1542000,3502000
"algorithms, api design, javascript, c#, metrics, product analytics","engineering, automation",bachelor's degree,4,Software Engineer,716000,1469000
"docker, debugging, cloud, problem solving, communication, data structures, metrics","problem solving, infrastructure, engineering, cloud",diploma,4,Back-End Developer,753000,1714000
"personas, customer discovery, presentation skills, okrs, roadmap, requirements gathering, load balancing, kafka","user research, technology, customer feedback, strategy, scalability",bachelor's degree,3,Product Manager,946000,2023000
"git, pandas, algorithms, python, problem solving, message queues, grpc","nlp research, algorithms, problem solving, data analysis",bachelor's degree,6,Machine Learning Engineer,982000,2208000
"data visualization, pandas, git, data cleaning, reporting, critical thinking, sql, concurrency, c++","dashboards, teamwork, data analysis",diploma,9,Data Analyst,1038000,2310000
"debugging, ci/cd, html, data structures, object-oriented design","engineering, learning new tools, web development",diploma,1,Software Engineer,652000,1479000
"data visualization, requirements gathering, market analysis, stakeholder communication, teamwork, model deployment, mlops","analytics, visualization",diploma,4,Business Analyst,688000,1540000
"databases, testing, debugging","infrastructure, cloud, growth",phd,3,Back-End Developer,737000,1485000
"market analysis, user research, roadmap, logging systems, monitoring","user research, kpis",master's degree,0,Product Manager,695000,1588000
"cloud, git, linux, testing, mongodb","teamwork, backend systems, engineering, interactive web experiences",bachelor's degree,1,Back-End Developer,511000,1143000
"user research, customer discovery, prototyping, communication, workflow automation, process mapping","customer feedback, design, market fit",master's degree,3,UX Designer,678000,1515000
"figma, css, testing, user research","user experience, learning new tools, requirements analysis",bachelor's degree,3,Front-End Developer,654000,1497000
"communication, agile, stakeholder communication, dashboards","analytics, pattern recognition, data analysis",bachelor's degree,1,Data Analyst,508000,1196000
"ci/cd, databases, git, infrastructure as code, teamwork","cloud, systems, innovation, infrastructure",bachelor's degree,7,DevOps Engineer,870000,2024000
"presentation skills, c#, c++, communication, python, git","programming, algorithms, clean code",bachelor's degree,2,Software Engineer,577000,1286000
"market analysis, communication, dashboards, looker","technology, strategy",bachelor's degree,10,Business Analyst,947000,2001000
"cloud, presentation skills, testing, agile, api design, product strategy","infrastructure, systems, automation",master's degree,3,DevOps Engineer,711000,1442000
"scripting, algorithms, data structures, problem solving, testing, scikit-learn, linear algebra","problem solving, software craftsmanship, clean code, engineering, customer needs",bachelor's degree,4,Software Engineer,843000,1928000
"google sheets, python, numpy, data cleaning, teamwork, sql, competitive analysis","forecasting, learning new tools, pattern recognition, visualization, reporting",bachelor's degree,2,Data Analyst,522000,1157000
"testing, git, user research, redis",web development,12th pass,3,Front-End Developer,587000,1241000
"prototyping, figma, usability, user research, customer discovery, personas, unit testing, design patterns","customer feedback, user research, design, technology, accessibility, computer vision",bachelor's degree,10,UX Designer,972000,2183000
"customer discovery, heuristic evaluation, design systems, figma, css, user research",user research,bachelor's degree,4,UX Designer,566000,1203000
"dashboards, data visualization, numpy","kpis, visualization, statistics, pattern recognition",bachelor's degree,0,Data Analyst,393000,856000
"agile, api design, cloud, data structures, ci/cd, critical thinking, etl, regression analysis","innovation, engineering, computer vision",bachelor's degree,0,Back-End Developer,442000,962000
"tableau, excel, pandas","data storytelling, innovation, visualization",bachelor's degree,3,Data Analyst,577000,1338000
"communication, personas, market analysis","customer feedback, innovation, market fit, growth, financial analysis",diploma,1,Product Manager,962000,1996000
"pandas, data structures, communication, debugging, machine learning, problem solving, data cleaning","technology, programming",diploma,1,Machine Learning Engineer,609000,1343000
"problem solving, communication, data structures, design patterns","coding, systems, engineering, responsive design",master's degree,5,Software Engineer,787000,1831000
"scripting, databases, git, communication, testing, monitoring, cloud","innovation, systems",bachelor's degree,0,DevOps Engineer,514000,1031000
"user research, problem solving, personas, financial modeling, risk analysis","design, customer feedback, infrastructure",master's degree,13,UX Designer,1168000,2668000
"numpy, data warehousing, stakeholder communication, reporting, pandas, communication, sql, helm","data analysis, statistics, reporting, learning new tools",bachelor's degree,2,Data Analyst,522000,1142000
"debugging, docker, data structures, load balancing, computer vision, pytorch","infrastructure, cloud, innovation",diploma,8,Back-End Developer,805000,1794000
"css, agile, user research, customer discovery, design systems, prototyping","user experience, innovation",12th pass,3,UX Designer,672000,1533000
"user research, prototyping, html, javascript, css","ui development, user experience, coding, web development, data storytelling",phd,3,Front-End Developer,641000,1422000
"tableau, communication, reporting, pricing strategy, metrics","teamwork, reporting, requirements analysis, strategy, customer needs",12th pass,9,Business Analyst,1064000,2273000
"statistics, machine learning, product analytics","analytics, learning new tools, forecasting, reporting",master's degree,1,Data Analyst,483000,1080000
"data visualization, stakeholder interviews, git, communication, stakeholder communication, reporting, okrs","stakeholder collaboration, visualization, strategy, product strategy",diploma,2,Business Analyst,508000,1156000
"ci/cd, python, scripting","clean code, innovation, software craftsmanship, systems, automation",master's degree,3,Software Engineer,749000,1526000
"pandas, algorithms, keras, python, problem solving, machine learning, statistics, power bi, kpis","statistics, predictive modeling, programming, algorithms, nlp research",master's degree,4,Machine Learning Engineer,832000,1950000
"git, sql, process mapping, market analysis, roadmap, critical thinking, usability, sketch","stakeholder collaboration, visualization, teamwork",bachelor's degree,4,Business Analyst,725000,1614000
"debugging, css, prototyping, git, html, documentation, typescript, process mapping, risk analysis","technology, web development, api design",bachelor's degree,3,Front-End Developer,591000,1238000
"javascript, debugging, git, linux, tailwind css","algorithms, coding, programming",bachelor's degree,9,Software Engineer,1065000,2391000
"user research, communication, design systems","coding, teamwork, user experience, artificial intelligence",master's degree,3,Front-End Developer,563000,1152000
"linux, databases, presentation skills, api design, ci/cd, communication, typescript, sass","cloud, learning new tools, site reliability, software craftsmanship",bachelor's degree,4,DevOps Engineer,839000,1753000
"linux, teamwork, data structures, critical thinking, ci/cd, ansible","distributed systems, infrastructure, customer needs",bachelor's degree,5,Back-End Developer,835000,1754000
"design patterns, git, software architecture, algorithms, html, interaction design, usability","automation, problem solving",phd,5,Software Engineer,873000,2060000
"documentation, ci/cd, database indexing, git, teamwork, databases, api design, terraform, logging systems","engineering, backend systems, cloud",bachelor's degree,5,Back-End Developer,756000,1594000
"algorithms, scripting, design patterns, html, linux","technology, algorithms, system design",diploma,10,Software Engineer,1198000,2794000
"critical thinking, git, teamwork, algorithms, progressive web apps, cross-browser testing","innovation, backend systems, engineering, software craftsmanship",bachelor's degree,2,Software Engineer,700000,1506000
"git, requirements gathering, market analysis, user research, stakeholder management, regression analysis, dax",strategy,bachelor's degree,3,Product Manager,1045000,2461000
"reporting, python, sql, excel, statistics, refactoring","market research, visualization, reporting, analytics",master's degree,1,Data Analyst,541000,1254000
"api design, algorithms, debugging, html, c++","automation, software craftsmanship",diploma,2,Software Engineer,750000,1581000
"numpy, git, critical thinking, python, authentication","statistics, programming, risk management",master's degree,3,Machine Learning Engineer,750000,1597000
"javascript, agile, data structures, testing, scripting, helm, infrastructure as code","coding, web development, automation, human-centered design",diploma,0,Software Engineer,494000,993000
"testing, git, ci/cd, api design, pricing strategy, backlog grooming","cloud computing, problem solving, cloud, systems",master's degree,1,DevOps Engineer,731000,1510000
"communication, data structures, testing, teamwork, product strategy, prioritization","api design, cloud, engineering, nlp research",bachelor's degree,6,Back-End Developer,755000,1545000
"testing, html","automation, software craftsmanship",diploma,2,Software Engineer,712000,1566000
"incident response, testing, communication, linux, ansible, presentation skills, ci/cd, risk analysis, financial modeling","cloud, automation, innovation, software craftsmanship",bachelor's degree,3,DevOps Engineer,682000,1452000
"design systems, personas","innovation, user experience, customer feedback, user research",bachelor's degree,1,UX Designer,518000,1115000
"css, personas, prototyping, user research, customer discovery","human-centered design, user research, customer feedback, automation",phd,2,UX Designer,609000,1272000
"git, numpy, algorithms, machine learning, debugging","model optimization, statistics, innovation, risk management",bachelor's degree,10,Machine Learning Engineer,1086000,2207000
"databases, git, api design, presentation skills, linux, docker, load balancing","automation, systems",bachelor's degree,6,DevOps Engineer,917000,2040000
"stakeholder communication, machine learning, tableau, git, statistics, reporting, journey mapping","pattern recognition, statistics, innovation, reporting, system reliability",diploma,12,Data Analyst,1145000,2382000
"go-to-market strategy, personas, communication, stakeholder management","user research, computer vision",phd,6,Product Manager,1060000,2443000
"mongodb, debugging, api design, progressive web apps, sass","infrastructure, system reliability, teamwork",bachelor's degree,1,Back-End Developer,485000,992000
"git, data structures, performance tuning, design patterns, javascript, visual design","web development, programming, problem solving, requirements analysis",bachelor's degree,2,Software Engineer,598000,1213000
"figma, css, design systems, redux, concurrency","coding, web development, forecasting",master's degree,2,Front-End Developer,621000,1374000
"agile, html, problem solving, scripting","programming, coding, algorithms",master's degree,9,Software Engineer,975000,2199000
"linux, python, api design, html, data structures","problem solving, software craftsmanship, automation",bachelor's degree,0,Software Engineer,606000,1272000
"css, html, critical thinking, prototyping, debugging, user research, documentation, computer vision, reinforcement learning","web development, design, responsive design, ui development, user experience",12th pass,5,Front-End Developer,668000,1433000
"documentation, figma, customer discovery, user research, design systems, personas, problem solving, code review","user research, customer feedback, risk management",diploma,8,UX Designer,875000,1889000
"documentation, problem solving, testing, ci/cd","backend systems, engineering",bachelor's degree,2,Back-End Developer,644000,1522000
"roadmap, market analysis, stakeholder management, user research, deep learning","customer feedback, automation",bachelor's degree,1,Product Manager,910000,2167000
"docker, linux","infrastructure, automation, problem solving, web performance",bachelor's degree,10,DevOps Engineer,1270000,3034000
"critical thinking, testing, git, scripting, networking, cloud","cloud, problem solving, systems, product strategy",master's degree,6,DevOps Engineer,850000,2010000
"critical thinking, infrastructure as code, docker, cloud, git, testing","systems, automation, infrastructure, cloud, innovation",master's degree,0,DevOps Engineer,545000,1296000
"excel, requirements gathering, stakeholder communication, stakeholder management, reporting, spring boot, load balancing","problem solving, analytics, reporting, visualization, site reliability",bachelor's degree,3,Business Analyst,707000,1635000
"user research, metrics, critical thinking, requirements gathering, market analysis, roadmap, business case development, use case documentation","stakeholder collaboration, user research, innovation",master's degree,8,Product Manager,1092000,2307000
"market research, stakeholder communication, tableau, regression analysis, presentation skills, software architecture, concurrency","business intelligence, teamwork, pattern recognition",bachelor's degree,2,Data Analyst,573000,1306000
"ci/cd, api design","systems, cloud computing, cloud",bachelor's degree,2,DevOps Engineer,651000,1410000
"algorithms, communication, machine learning, agile, pandas, git, etl, kpis",programming,master's degree,0,Machine Learning Engineer,585000,1318000
"presentation skills, reporting, roadmap, dashboards, requirements gathering, kubernetes, ansible","analytics, stakeholder collaboration, reporting, requirements analysis",bachelor's degree,10,Business Analyst,952000,2143000
"personas, critical thinking, pricing strategy, documentation, customer discovery, market analysis, ansible","product strategy, user research, customer feedback, growth, technology, strategy",bachelor's degree,2,Product Manager,815000,1940000
"excel, requirements gathering, tableau, reporting, spring boot, load balancing","technology, visualization, risk management, analytics, accessibility",master's degree,3,Business Analyst,695000,1426000
"agile, css, debugging, figma, testing, presentation skills","teamwork, coding, web development, design, automation",12th pass,3,Front-End Developer,586000,1264000
"competitive analysis, market analysis, communication, critical thinking, django, sharding","strategy, growth, stakeholder collaboration, customer needs, learning new tools, user research",bachelor's degree,4,Product Manager,1026000,2401000
"business case development, sql, stakeholder communication, excel","risk management, technology, strategy, analytics",bachelor's degree,3,Business Analyst,653000,1522000
"communication, market analysis, user research, customer discovery, personas, visual design","user research, technology, ui development",bachelor's degree,4,Product Manager,1055000,2137000
"stakeholder communication, kpis, data visualization, product analytics, prioritization","analytics, statistics, learning new tools, business intelligence, reporting, customer needs",diploma,11,Data Analyst,989000,2195000
"documentation, critical thinking, debugging, css, vue, angular, workflow automation, financial modeling","technology, ui development, design, coding",master's degree,6,Front-End Developer,779000,1611000
"grafana, scripting, databases, helm, cloud, message queues","systems, innovation, ui development",master's degree,6,DevOps Engineer,1011000,2381000
"ci/cd, agile, presentation skills, databases, product strategy","cloud, systems, infrastructure, cloud computing, accessibility",diploma,11,DevOps Engineer,1301000,2806000
"angular, typescript, debugging, git, user research, figma, charts, power bi","coding, user experience, web performance, problem solving, ui development, cloud computing",bachelor's degree,1,Front-End Developer,464000,1090000
"data visualization, roadmap, agile","visualization, technology, strategy",bachelor's degree,1,Business Analyst,511000,1193000
"data visualization, workflow automation, dashboards, presentation skills, documentation, business case development, market analysis, regression analysis","strategy, cloud computing",bachelor's degree,1,Business Analyst,579000,1261000
"databases, design patterns, database indexing, dax, etl","infrastructure, problem solving, cloud, dashboards",phd,13,Back-End Developer,1324000,2649000
"testing, agile, css, git, prototyping, helm, logging systems","teamwork, web development, interactive web experiences",diploma,15,Front-End Developer,1400000,3319000
"problem solving, javascript, debugging, user research, angular, git, css, card sorting, interaction design","coding, infrastructure",master's degree,10,Front-End Developer,1046000,2227000
"git, reporting, stakeholder management, presentation skills, data visualization, dashboards, next.js, sass","visualization, reporting, analytics",bachelor's degree,9,Business Analyst,886000,2049000
"problem solving, api design, prometheus, scripting, git, databases, linux, regression analysis, data warehousing","problem solving, systems, clean code",master's degree,10,DevOps Engineer,1212000,2679000
"api design, agile, ci/cd, problem solving, testing, linux","infrastructure, automation",master's degree,1,DevOps Engineer,700000,1641000
"requirements gathering, tableau, stakeholder management, sql","strategy, process improvement, requirements analysis, visualization, reporting",bachelor's degree,1,Business Analyst,580000,1249000
"figma, design systems, personas, prototyping, gap analysis","user experience, customer feedback, accessibility, teamwork, user research",bachelor's degree,9,UX Designer,989000,2042000
"communication, teamwork, reporting, market analysis, roadmap, problem solving, usability, visual design","visualization, strategy, human-centered design",diploma,3,Business Analyst,711000,1558000
"cloud, git, testing, databases, linux, svelte, react","technology, cloud, financial analysis",diploma,7,DevOps Engineer,1127000,2686000
"sql, stakeholder management, presentation skills, data visualization","process improvement, risk management, strategy, analytics, visualization, accessibility",bachelor's degree,3,Business Analyst,582000,1374000
"problem solving, databases, documentation, linux, a/b testing, vlookup","cloud, innovation",phd,1,DevOps Engineer,578000,1345000
"sql, roadmap, concurrency, c#","innovation, visualization",phd,3,Business Analyst,581000,1214000
"user research, prototyping, information architecture, figma, design systems, personas, cross-browser testing","user research, technology",master's degree,1,UX Designer,418000,888000
"css, personas, requirements gathering, business case development","learning new tools, customer feedback, design, user experience",master's degree,1,UX Designer,551000,1206000
"market analysis, roadmap, git, presentation skills, looker","user research, problem solving, customer needs, risk management",phd,0,Product Manager,704000,1419000
"figma, debugging, html, documentation, prioritization",web development,bachelor's degree,1,Front-End Developer,541000,1220000
"javascript, prototyping, html, css, figma, mongodb","innovation, user experience",master's degree,7,Front-End Developer,769000,1604000
"api design, documentation, ci/cd, databases, authentication, linear algebra, reinforcement learning","engineering, scalability",bachelor's degree,6,Back-End Developer,800000,1637000
"user research, stakeholder management, pivot tables, data warehousing","customer needs, product strategy, user research, customer feedback, strategy, process improvement",bachelor's degree,3,Product Manager,996000,2304000
"data visualization, data cleaning, excel, agile","pattern recognition, reporting, distributed systems",bachelor's degree,6,Data Analyst,645000,1382000
"testing, html, vue, prototyping","web development, interactive web experiences",master's degree,6,Front-End Developer,711000,1690000
"prototyping, user research, spring boot","coding, interactive web experiences, design, distributed systems",bachelor's degree,5,Front-End Developer,637000,1511000
"algorithms, data cleaning, git, go-to-market strategy, metrics","innovation, algorithms",diploma,4,Machine Learning Engineer,924000,2196000
"roadmap, dashboards, critical thinking, ui components, next.js","reporting, risk management, requirements analysis, ui development",bachelor's degree,8,Business Analyst,820000,1918000
"data cleaning, communication, python, product analytics","model optimization, programming, learning new tools, pattern recognition, statistics, system reliability",bachelor's degree,12,Machine Learning Engineer,1292000,3077000
"python, sql, agile, critical thinking, data visualization, reporting, prioritization, pricing strategy","visualization, market research",diploma,3,Data Analyst,538000,1226000
"reinforcement learning, git, debugging, pandas, machine learning, product analytics, pricing strategy","algorithms, programming, cloud computing",master's degree,6,Machine Learning Engineer,961000,2143000
"data warehousing, qlik, reporting, python, hyperparameter tuning, keras","reporting, analytics, infrastructure",master's degree,3,Data Analyst,644000,1541000
"debugging, machine learning, data cleaning, git, numpy, problem solving","pattern recognition, programming, statistics, learning new tools",master's degree,15,Machine Learning Engineer,1351000,3103000
"design systems, html, testing, git, css, agile","web development, learning new tools, responsive design, coding",phd,2,Front-End Developer,522000,1194000
"market analysis, prioritization, communication, stakeholder management, personas, user research, a/b testing, google sheets","growth, stakeholder collaboration, strategy, user research, artificial intelligence",bachelor's degree,7,Product Manager,1209000,2671000
"agile, api design, documentation, kubernetes, cloud, testing, ci/cd","automation, systems, technology",master's degree,8,DevOps Engineer,1152000,2502000
"machine learning, sql, data visualization, problem solving, data cleaning, prioritization, pricing strategy","statistics, reporting, data storytelling, problem solving",bachelor's degree,0,Data Analyst,372000,858000
"debugging, scripting, agile, performance tuning, node.js",web development,master's degree,1,Software Engineer,609000,1409000
"numpy, statistics","computer vision, programming, teamwork, pattern recognition, statistics, system design",bachelor's degree,4,Machine Learning Engineer,828000,1681000
"figma, svelte, html, teamwork, user research, agile, concurrency, refactoring","design, user experience, web development",bachelor's degree,13,Front-End Developer,1204000,2757000
"market analysis, dashboards, communication, business process improvement, documentation, requirements gathering, financial modeling, tableau, sketch, information architecture","stakeholder collaboration, analytics, usability",master's degree,0,Business Analyst,470000,951000
"prototyping, debugging, documentation, user research, communication","coding, user experience",bachelor's degree,3,Front-End Developer,647000,1356000
"cloud, testing, problem solving, linux, docker, data structures, gap analysis, requirements gathering","engineering, infrastructure, cloud",bachelor's degree,1,Back-End Developer,570000,1352000
"market analysis, personas, customer discovery, user research, communication, documentation, competitive analysis","market fit, customer feedback, growth, stakeholder collaboration, process improvement",bachelor's degree,8,Product Manager,1100000,2366000
"infrastructure as code, cloud, api design","infrastructure, technology, systems, cloud, cloud computing",master's degree,12,DevOps Engineer,1402000,3164000
"ci/cd, docker, cloud, api design, databases","cloud, infrastructure, engineering, financial analysis",master's degree,3,Back-End Developer,738000,1675000
"critical thinking, roadmap, personas, requirements gathering, user research, communication","user research, learning new tools, customer feedback, stakeholder collaboration",diploma,1,Product Manager,735000,1505000
"model deployment, critical thinking, communication, numpy, statistics, debugging, python, data cleaning, postgresql, spring boot","programming, pattern recognition, teamwork, market fit",diploma,1,Machine Learning Engineer,721000,1580000
"object-oriented design, communication, git, scripting","automation, engineering, backend systems, cloud computing",bachelor's degree,1,Software Engineer,632000,1442000
"sql, dashboards, pandas","visualization, pattern recognition",master's degree,6,Data Analyst,753000,1569000
"user research, design systems, c++","coding, user experience, teamwork, web development",bachelor's degree,3,Front-End Developer,579000,1346000
"problem solving, design patterns, testing, git, sketch, information architecture","backend systems, innovation",bachelor's degree,0,Back-End Developer,428000,879000
"numpy, teamwork, agile, pandas, ui components, cross-browser testing","pattern recognition, reporting, innovation, analytics, product strategy",diploma,1,Data Analyst,502000,1005000
"typescript, testing, communication, html, sass, qlik, dax","design, user experience, human-centered design",bachelor's degree,1,Front-End Developer,441000,924000
"personas, user research, agile, stakeholder management","learning new tools, customer feedback",master's degree,6,Product Manager,1054000,2221000
"excel, data visualization, sql, dashboards, git, tableau, authentication, mongodb","strategy, stakeholder collaboration, financial analysis, analytics, kpis",bachelor's degree,5,Business Analyst,670000,1525000
"git, pandas, machine learning, statistics, requirements gathering","data analysis, programming, predictive modeling, pattern recognition, infrastructure",bachelor's degree,1,Machine Learning Engineer,630000,1494000
"prototyping, testing, css, user research, communication, agile, javascript, helm","coding, web development, api design",master's degree,0,Front-End Developer,387000,813000
"problem solving, customer discovery, figma, presentation skills, user research, django, load balancing","customer feedback, design, problem solving, visual storytelling, responsive design",bachelor's degree,3,UX Designer,576000,1327000
"testing, documentation, next.js, design systems, figma, git, xgboost","web development, design, system design",bachelor's degree,12,Front-End Developer,1028000,2427000
"data structures, api design, cloud, git, linux, interaction design, heuristic evaluation","system reliability, innovation, cloud",bachelor's degree,10,Back-End Developer,1032000,2429000
"stakeholder management, roadmap, personas, market analysis, customer discovery, backlog grooming, critical thinking, object-oriented design, design patterns","customer feedback, technology",bachelor's degree,14,Product Manager,1427000,3352000
"git, debugging, figma, a/b testing","user experience, design, innovation, product strategy",bachelor's degree,6,Front-End Developer,664000,1486000
"javascript, html, teamwork, design systems, next.js","user experience, teamwork, ui development, responsive design, software craftsmanship",bachelor's degree,5,Front-End Developer,638000,1331000
"critical thinking, design patterns, c#, agile, algorithms, data structures, debugging, linux, competitive analysis, pricing strategy","coding, technology, nlp research",bachelor's degree,0,Software Engineer,585000,1192000
"data structures, debugging, testing, design patterns, metrics","engineering, infrastructure",master's degree,0,Back-End Developer,557000,1271000
"personas, roadmap, metrics, communication, stakeholder management, requirements gathering","teamwork, customer feedback, clean code",master's degree,1,Product Manager,960000,1964000
"python, excel, data cleaning, design patterns, object-oriented design","visualization, learning new tools, analytics, reporting, accessibility",master's degree,1,Data Analyst,512000,1142000
"statistics, python, documentation, tableau, spring boot","innovation, pattern recognition, interactive web experiences",diploma,1,Data Analyst,507000,1071000
"python, statistics, linear algebra, algorithms, data cleaning, machine learning","programming, problem solving, pattern recognition",bachelor's degree,6,Machine Learning Engineer,1114000,2267000
"agile, python, numpy, machine learning, debugging, algorithms","statistics, programming, algorithms, system design",bachelor's degree,0,Machine Learning Engineer,720000,1549000
"docker, api design, git, documentation","cloud, system reliability, infrastructure, backend systems, accessibility",bachelor's degree,3,Back-End Developer,692000,1436000
"javascript, testing, user research, financial modeling, business case development","technology, coding, web performance",bachelor's degree,1,Front-End Developer,540000,1197000
"testing, linux, concurrency, algorithms",systems,bachelor's degree,10,Software Engineer,979000,2268000
"algorithms, presentation skills, problem solving, javascript, vlookup, regression analysis","problem solving, programming, backend systems, automation, customer needs",phd,1,Software Engineer,688000,1379000
"debugging, statistics, machine learning, data structures, networking","algorithms, programming, accessibility",master's degree,1,Machine Learning Engineer,672000,1493000
"design patterns, data structures, problem solving, api design, javascript, financial modeling",systems,bachelor's degree,1,Software Engineer,650000,1345000
"linux, docker, git, data structures, documentation, testing, concurrency, design patterns","backend systems, api design, infrastructure, visual storytelling",bachelor's degree,0,Back-End Developer,463000,1091000
"documentation, html, algorithms, c#, git, product strategy, pricing strategy","technology, programming, system design, systems",bachelor's degree,5,Software Engineer,805000,1846000
"ci/cd, cloud, documentation, scripting, angular, next.js","cloud, learning new tools, infrastructure, systems",bachelor's degree,3,DevOps Engineer,774000,1555000
"sql, agile, excel, dashboards, stakeholder communication, machine learning, presentation skills, c++, design patterns","technology, business intelligence, reporting, visualization, api design",master's degree,1,Data Analyst,422000,935000
"html, problem solving, presentation skills, debugging, git, mlops, xgboost",engineering,12th pass,1,Software Engineer,635000,1470000
"pandas, sql, charts, communication, nlp, scikit-learn","reporting, data analysis, innovation",diploma,7,Data Analyst,759000,1548000
"git, agile, excel, dashboards, tableau, kpis, backlog grooming","innovation, analytics, reporting, predictive modeling",phd,2,Data Analyst,493000,1082000
"ui components, agile, user research, prototyping","web performance, coding",master's degree,1,Front-End Developer,528000,1070000
"databases, testing, ci/cd, scripting, journey mapping, sketch","cloud, learning new tools",master's degree,6,DevOps Engineer,934000,1954000
"machine learning, nlp, pandas, process mapping, stakeholder interviews","learning new tools, pattern recognition",bachelor's degree,8,Machine Learning Engineer,1111000,2340000
"python, teamwork, statistics",data analysis,bachelor's degree,1,Machine Learning Engineer,606000,1231000
"problem solving, docker, testing, git, cloud, scripting, message queues","cloud, cloud computing, automation",12th pass,4,DevOps Engineer,703000,1537000
"javascript, css, git, agile, infrastructure as code, incident response","coding, web development, financial analysis",master's degree,3,Front-End Developer,557000,1243000
"data cleaning, documentation, debugging, python, agile, logging systems, incident response","learning new tools, algorithms, kpis",master's degree,3,Machine Learning Engineer,747000,1529000
"requirements gathering, market analysis, sql, reporting, agile","analytics, visualization, strategy, teamwork",bachelor's degree,5,Business Analyst,698000,1635000
"sql, statistics, machine learning, tableau, presentation skills, excel, git, nlp, mlops","data analysis, pattern recognition, visualization, software craftsmanship",diploma,4,Data Analyst,588000,1381000
"ci/cd, algorithms, testing, object-oriented design, debugging, html, information architecture, usability","engineering, learning new tools, web development, automation, site reliability",bachelor's degree,7,Software Engineer,966000,2179000
"ci/cd, data structures, algorithms, testing, kpis","teamwork, coding, programming, system reliability",diploma,1,Software Engineer,597000,1386000
"statistics, python, git, presentation skills, numpy","learning new tools, artificial intelligence, programming, nlp research, algorithms, statistics, risk management",bachelor's degree,3,Machine Learning Engineer,924000,2126000
"algorithms, linear algebra, numpy, pandas, python, debugging, charts","statistics, algorithms, technology, automation",master's degree,3,Machine Learning Engineer,716000,1665000
"excel, python, teamwork, machine learning, sql","business intelligence, analytics, teamwork, growth",phd,12,Data Analyst,1173000,2616000
"numpy, power bi, dashboards, agile, teamwork, data cleaning, kpis, reporting, software architecture, c#","data analysis, reporting, human-centered design",diploma,1,Data Analyst,494000,1123000
"code review, debugging, javascript, critical thinking, html","programming, engineering, coding, software craftsmanship, technology",diploma,10,Software Engineer,935000,2080000
"html, design systems, figma, javascript, git, okrs","technology, design",bachelor's degree,13,Front-End Developer,1317000,2982000
"c++, ci/cd, api design, angular","problem solving, backend systems, software craftsmanship, systems",diploma,1,Software Engineer,552000,1321000
"progressive web apps, figma, design systems, git","user experience, web development, design, usability",bachelor's degree,9,Front-End Developer,1004000,2165000
"data structures, presentation skills, debugging, pandas, statistics, git, cross-browser testing","computer vision, data analysis, programming",bachelor's degree,5,Machine Learning Engineer,873000,2006000
"agile, linux, communication, data structures","backend systems, technology, ui development",bachelor's degree,7,Back-End Developer,864000,1770000
"data cleaning, statistics, sql, data visualization, machine learning, angular, react","teamwork, analytics, statistics",bachelor's degree,3,Data Analyst,642000,1450000
"git, javascript, communication, typescript, debugging, figma, css, django, load balancing",design,diploma,6,Front-End Developer,715000,1617000
"debugging, ci/cd, data structures, scripting, html, heuristic evaluation","programming, systems, cloud computing",phd,6,Software Engineer,813000,1664000
"linux, presentation skills, data structures, databases, git, testing, prioritization","teamwork, infrastructure, automation",master's degree,1,Back-End Developer,575000,1357000
"teamwork, financial modeling, dashboards, roadmap, sql, data visualization, presentation skills, reporting","technology, analytics, visualization, stakeholder collaboration",bachelor's degree,2,Business Analyst,628000,1271000
"testing, ansible, api design, git, scripting, docker, css animations, react","problem solving, automation, cloud, infrastructure",bachelor's degree,2,DevOps Engineer,692000,1482000
"stakeholder communication, problem solving, tableau, postgresql, grpc",analytics,master's degree,0,Data Analyst,450000,961000
"git, customer discovery, personas, prototyping, data storytelling","user research, design, interactive web experiences",bachelor's degree,12,UX Designer,1111000,2333000
"databases, critical thinking, docker, linux, ci/cd, documentation, infrastructure as code, helm","backend systems, technology, financial analysis",master's degree,0,Back-End Developer,493000,1064000
"presentation skills, design patterns, javascript, git","clean code, algorithms, system design, innovation",bachelor's degree,1,Software Engineer,651000,1469000
"communication, testing, git, linux, agile, sketch, journey mapping","infrastructure, technology, api design, backend systems, engineering",diploma,3,Back-End Developer,757000,1685000
"object-oriented design, scripting, algorithms, ci/cd, documentation, api design, testing, agile","automation, coding",diploma,8,Software Engineer,945000,1891000
"javascript, teamwork, python, documentation, html, storybook","automation, algorithms, web development, system design",bachelor's degree,3,Software Engineer,758000,1594000
"personas, pricing strategy, market analysis, concurrency, code review","customer feedback, teamwork, requirements analysis",bachelor's degree,5,Product Manager,1138000,2362000
"user research, testing, design systems, competitive analysis","design, user experience, web development",bachelor's degree,0,Front-End Developer,490000,1027000
"numpy, agile, sql, okrs, competitive analysis","statistics, market research, data storytelling, reporting, analytics, automation",bachelor's degree,1,Data Analyst,435000,977000
"agile, testing, design systems, next.js","web development, design, problem solving",bachelor's degree,10,Front-End Developer,857000,1853000
"cloud, api design, agile, databases, documentation, progressive web apps, storybook","infrastructure, cloud, automation",master's degree,9,DevOps Engineer,992000,2275000
"numpy, pandas, critical thinking, debugging, machine learning, git, performance tuning","programming, statistics, customer needs",bachelor's degree,4,Machine Learning Engineer,839000,1843000
"testing, figma, tailwind css","web development, learning new tools, design, user experience, model optimization",bachelor's degree,0,Front-End Developer,410000,865000
"site reliability, git, linux, critical thinking, docker, information architecture, sketch","cloud, infrastructure, automation",bachelor's degree,0,DevOps Engineer,522000,1177000
"algorithms, numpy, statistics, machine learning, presentation skills, git, django, caching","pattern recognition, nlp research",master's degree,3,Machine Learning Engineer,877000,1813000
"statistics, pandas, numpy, git, data cleaning, incident response, site reliability","model optimization, statistics, data analysis, nlp research, algorithms",bachelor's degree,1,Machine Learning Engineer,788000,1651000
"linux, ci/cd","site reliability, systems, learning new tools",master's degree,0,DevOps Engineer,631000,1485000
"requirements gathering, market analysis, communication, roadmap","user research, stakeholder collaboration, market fit",bachelor's degree,10,Product Manager,1534000,3578000
"algorithms, statistics, debugging, machine learning, presentation skills","algorithms, pattern recognition, site reliability",bachelor's degree,9,Machine Learning Engineer,1294000,2729000
"c#, html, testing, scripting, linux, api design, design patterns","clean code, automation, human-centered design",phd,1,Software Engineer,673000,1455000
"presentation skills, python, git, api design, infrastructure as code","web development, automation, technology, web performance",diploma,3,Software Engineer,736000,1478000
"problem solving, html, git, database indexing, mongodb","ui development, design, coding, web development, web performance",bachelor's degree,3,Front-End Developer,666000,1471000
"pandas, data visualization, tableau, numpy, excel","analytics, financial analysis",diploma,1,Data Analyst,475000,1109000
"ci/cd, cloud, documentation, api design, git, workflow automation","cloud, automation, infrastructure, distributed systems",diploma,6,DevOps Engineer,908000,2177000
"scripting, prometheus, git, concurrency","systems, automation, kpis",master's degree,5,DevOps Engineer,884000,1938000
"presentation skills, customer discovery, critical thinking, user research, stakeholder interviews, business process improvement","user research, learning new tools",bachelor's degree,1,UX Designer,509000,1184000
"roadmap, data visualization, communication, sql, teamwork, problem solving, excel","problem solving, risk management, visualization",master's degree,1,Business Analyst,586000,1297000
"agile, git, python, heuristic evaluation","web development, system design",master's degree,13,Software Engineer,1339000,2933000
"communication, teamwork, market analysis, presentation skills, tailwind css, progressive web apps","reporting, strategy, learning new tools, stakeholder collaboration, accessibility",diploma,14,Business Analyst,1077000,2357000
"git, api design, data structures, visual design, sketch","system reliability, backend systems, infrastructure, requirements analysis",bachelor's degree,14,Back-End Developer,1324000,2992000
"user research, problem solving, design systems, monitoring","technology, web development",master's degree,4,Front-End Developer,599000,1394000
"requirements gathering, roadmap, dashboards, reporting, site reliability, kubernetes","stakeholder collaboration, requirements analysis, analytics, teamwork, automation",bachelor's degree,2,Business Analyst,547000,1155000
"next.js, git, communication, user research, html, agile, figma, css, metrics","user experience, design, coding, problem solving, software craftsmanship",master's degree,1,Front-End Developer,489000,1002000
"debugging, data structures, ci/cd, design patterns, linux","web development, coding, algorithms",bachelor's degree,6,Software Engineer,828000,1925000
"git, design patterns, debugging, ci/cd, javascript, interaction design, design critique","clean code, algorithms, backend systems, systems",phd,3,Software Engineer,669000,1515000
"data visualization, tableau, numpy, machine learning, python, data storytelling, keras","analytics, technology, scalability",bachelor's degree,3,Data Analyst,565000,1329000
"sass, javascript, html","design, coding, web development, cloud computing",master's degree,4,Front-End Developer,646000,1370000
"numpy, excel, machine learning, reporting, presentation skills, data cleaning, agile, gap analysis, requirements gathering","market research, innovation, data analysis",bachelor's degree,1,Data Analyst,526000,1213000
"roadmap, tableau, presentation skills, problem solving, excel, stakeholder communication, kpis","stakeholder collaboration, strategy, requirements analysis, analytics, predictive modeling",bachelor's degree,2,Business Analyst,607000,1310000
"api design, testing, linux, scripting, javascript, product strategy, okrs","clean code, web development",bachelor's degree,1,Software Engineer,633000,1315000
"debugging, git, keras, model evaluation","teamwork, scalability, backend systems, engineering",bachelor's degree,7,Back-End Developer,827000,1783000
"communication, scripting, linux, documentation, design patterns, debugging, xgboost, hyperparameter tuning","web development, programming, teamwork, coding, cloud computing",phd,5,Software Engineer,875000,1845000
"git, testing, prototyping, react, metrics, prioritization","user experience, interactive web experiences, responsive design",phd,9,Front-End Developer,985000,2243000
"ansible, linux, docker, ui components, sass","infrastructure, systems, automation",phd,4,DevOps Engineer,756000,1777000
"numpy, communication, python, machine learning, grafana, helm","innovation, programming, data analysis",bachelor's degree,10,Machine Learning Engineer,1182000,2808000
"docker, cloud, api design, testing, git, infrastructure as code","cloud computing, cloud, systems, infrastructure",master's degree,4,DevOps Engineer,737000,1525000
"mongodb, data structures, presentation skills, cloud","backend systems, cloud, infrastructure, technology",bachelor's degree,1,Back-End Developer,621000,1470000
"requirements gathering, financial modeling, communication, reporting, stakeholder communication, data visualization, css animations, storybook","reporting, stakeholder collaboration, analytics, interactive web experiences",bachelor's degree,5,Business Analyst,709000,1633000
"personas, stakeholder management, documentation, communication, user research, agile, backlog grooming, requirements gathering, business case development, stakeholder interviews","product strategy, user research",master's degree,3,Product Manager,845000,1793000
"design systems, problem solving, debugging, figma, prototyping, agile, css",design,phd,5,Front-End Developer,759000,1696000
"design systems, css, figma, customer discovery, critical thinking, refactoring","innovation, accessibility, design, computer vision",bachelor's degree,4,UX Designer,741000,1534000
"agile, debugging, css, kpis",web development,bachelor's degree,0,Front-End Developer,397000,880000
"testing, ci/cd, caching, docker, critical thinking, linux","cloud, teamwork, api design, market fit",master's degree,1,Back-End Developer,620000,1418000
"agile, critical thinking, html, javascript, git, kubernetes","web development, systems, programming",master's degree,1,Software Engineer,689000,1400000
"docker, ci/cd, problem solving, critical thinking, design patterns","engineering, infrastructure, cloud",master's degree,1,Back-End Developer,581000,1253000
"prototyping, presentation skills, design systems, debugging, git, cross-browser testing","responsive design, innovation, design",master's degree,6,Front-End Developer,882000,2092000
"scripting, git, ci/cd, linux, communication, databases","automation, systems, infrastructure, software craftsmanship",bachelor's degree,3,DevOps Engineer,731000,1753000
"personas, customer discovery, user research, documentation, agile","user research, design, customer feedback, innovation, interactive web experiences",bachelor's degree,0,UX Designer,427000,1021000
"statistics, critical thinking, excel, documentation, grafana, infrastructure as code","innovation, analytics, forecasting",12th pass,2,Data Analyst,464000,1085000
"python, data structures, message queues","teamwork, model optimization, pattern recognition, data analysis, programming, nlp research",bachelor's degree,6,Machine Learning Engineer,1001000,2266000
"critical thinking, sql, pandas, numpy, problem solving, backlog grooming, pricing strategy","analytics, reporting, data analysis",diploma,1,Data Analyst,421000,873000
"git, user research, personas, stakeholder management, presentation skills, requirements gathering, market analysis, typescript","customer needs, strategy",master's degree,3,Product Manager,1006000,2139000
"testing, cloud, linux, data structures, typescript, angular","backend systems, distributed systems, api design",bachelor's degree,2,Back-End Developer,647000,1442000
"design systems, agile, git, cross-browser testing, html, user research, process mapping, risk analysis","innovation, web development",master's degree,1,Front-End Developer,528000,1150000
"teamwork, git, html, design patterns, ci/cd, linux, scripting, agile, prometheus, kubernetes","clean code, backend systems, technology",diploma,2,Software Engineer,621000,1363000
"api design, ci/cd, javascript, scripting, node.js, redis","innovation, algorithms, engineering, automation",bachelor's degree,1,Software Engineer,533000,1068000
"sql, use case documentation, stakeholder management, presentation skills, critical thinking, dashboards, redis, kafka","teamwork, reporting, visualization, automation",bachelor's degree,14,Business Analyst,1154000,2536000
"statistics, numpy, git, data visualization, pandas, dashboards, mlops","teamwork, analytics, risk management",bachelor's degree,3,Data Analyst,585000,1271000
"python, teamwork, pandas, agile, data cleaning, pricing strategy","programming, learning new tools, pattern recognition, data analysis",master's degree,15,Machine Learning Engineer,1445000,3042000
"git, communication, html, python, scripting, linux","systems, software craftsmanship",bachelor's degree,11,Software Engineer,1224000,2494000
"communication, data structures, api design, linux","technology, cloud, api design, site reliability",bachelor's degree,3,Back-End Developer,756000,1593000
"git, python, critical thinking, mlops, nlp, statistics, pandas, charts","algorithms, pattern recognition, programming, usability",master's degree,5,Machine Learning Engineer,836000,1871000
"python, sql, communication, teamwork","analytics, teamwork, data analysis, pattern recognition",bachelor's degree,3,Data Analyst,524000,1201000
"message queues, problem solving, cloud, testing, spring boot, presentation skills, docker, ci/cd","backend systems, technology, usability",bachelor's degree,10,Back-End Developer,1141000,2316000
"site reliability, scripting, communication, databases, helm, critical thinking","infrastructure, cloud, automation, learning new tools",bachelor's degree,8,DevOps Engineer,1136000,2422000
"git, docker, presentation skills, testing, cloud, documentation, ci/cd","automation, infrastructure, cloud, requirements analysis",bachelor's degree,8,DevOps Engineer,1050000,2304000
"critical thinking, kpis, problem solving, data visualization, stakeholder communication, python, statistics","teamwork, analytics",bachelor's degree,1,Data Analyst,529000,1215000
"prototyping, debugging, testing, javascript, figma, critical thinking, problem solving, postgresql, sharding","coding, web development, scalability",diploma,1,Front-End Developer,523000,1195000
"stakeholder management, sql, dashboards, communication","innovation, reporting",bachelor's degree,5,Business Analyst,858000,1741000
"stakeholder management, user research, market analysis, competitive analysis, pricing strategy, roadmap","innovation, customer feedback, stakeholder collaboration, market fit",bachelor's degree,1,Product Manager,843000,1706000
"critical thinking, testing, data structures, scripting, financial modeling","automation, technology",bachelor's degree,3,Software Engineer,809000,1631000
"user research, communication, vue, storybook","customer feedback, user research, stakeholder collaboration, distributed systems",phd,4,Product Manager,896000,1912000
"docker, design patterns, git, ci/cd, api design","engineering, system reliability",diploma,3,Back-End Developer,626000,1317000
"numpy, git, statistics, critical thinking, data cleaning, deep learning","algorithms, statistics",diploma,7,Machine Learning Engineer,1148000,2718000
"roadmap, dashboards, pytorch, tensorflow",strategy,bachelor's degree,10,Business Analyst,944000,2051000
"debugging, algorithms, testing, kubernetes, site reliability","engineering, web development",phd,0,Software Engineer,517000,1240000
"docker, cloud, api design","systems, site reliability, technology, infrastructure, cloud, requirements analysis",master's degree,4,DevOps Engineer,702000,1559000
"sql, pandas, statistics, reporting, data visualization, visual design, journey mapping","problem solving, pattern recognition, data storytelling, customer needs",diploma,1,Data Analyst,457000,1015000
"requirements gathering, roadmap, product strategy","visualization, strategy, technology, analytics",diploma,0,Business Analyst,458000,1003000
"critical thinking, stakeholder communication, excel, communication, dashboards, business process improvement, risk analysis","forecasting, learning new tools, data analysis",12th pass,4,Data Analyst,588000,1292000
"data structures, teamwork, linux, debugging, agile","web development, automation, backend systems, system design",bachelor's degree,0,Software Engineer,596000,1210000
"communication, competitive analysis, documentation, stakeholder management, git","stakeholder collaboration, user research, strategy, artificial intelligence",master's degree,1,Product Manager,809000,1802000
"documentation, statistics, xgboost, mlops, pandas, git, card sorting, heuristic evaluation","data analysis, statistics, human-centered design",bachelor's degree,10,Machine Learning Engineer,1065000,2434000
"personas, prototyping, design systems, css, customer discovery, requirements gathering","design, user experience",bachelor's degree,3,UX Designer,518000,1123000
"debugging, pandas, data cleaning, git, statistics","pattern recognition, learning new tools",bachelor's degree,6,Machine Learning Engineer,1111000,2627000
"debugging, machine learning, algorithms, redis, kafka","programming, teamwork, algorithms, data analysis, ui development",diploma,6,Machine Learning Engineer,908000,1998000
"excel, tableau, financial modeling, stakeholder communication, workflow automation, kpis, regression analysis","requirements analysis, learning new tools, financial analysis, strategy",bachelor's degree,1,Business Analyst,539000,1172000
"data structures, git, redis, authentication","backend systems, engineering, cloud",bachelor's degree,3,Back-End Developer,602000,1340000
"testing, agile, infrastructure as code, ci/cd, documentation","learning new tools, automation, systems, site reliability",bachelor's degree,1,DevOps Engineer,569000,1161000
"pandas, teamwork, git, agile, algorithms, statistics, data structures","artificial intelligence, statistics",diploma,3,Machine Learning Engineer,694000,1541000
